[Matrix] running configs\ablation\A00_full.yaml
============================================================
Real-data experiment (CB805): cb805_ablation_A00_full
alignment = center
result_dir = _experiment_results/ablation/A00_full
============================================================
  [Ricker prior] use fixed center Ricker before DTW
  [Ricker prior] f_dom = 28.32 Hz
  [Ricker prior] wavelet_length_pts = 129
  [Ricker prior] CC = 0.103651
[Initial prior] source = center_ricker_for_DTW
[Initial prior] CC = 0.103651
  [DTW-iter] phased candidate DTW begins
  [DTW-envelope] window = 18 samples
  [DTW-envelope] alpha candidates = [0.0, 0.01, 0.05, 0.1, 0.15]
  [DTW-envelope] best alpha/sign = 0.150 / -1
  [DTW-envelope] shift range = -2.39 ~ 2.54 ms
  [DTW-envelope] CC before/after = 0.1037 / 0.1191
  [DTW-envelope] Env before/after = -0.0358 / -0.0530
  [DTW-envelope] maxlag after = 0.1234, lag = -2.0 ms
  [DTW-envelope] TWT max change = 2.54 ms
  [DTW-envelope] accept = True
  [DTW-envelope] window = 18 samples
  [DTW-envelope] alpha candidates = [0.0, 0.01, 0.05, 0.1, 0.15]
  [DTW-envelope] best alpha/sign = 0.150 / -1
  [DTW-envelope] shift range = -2.40 ~ 2.54 ms
  [DTW-envelope] CC before/after = 0.1191 / 0.1277
  [DTW-envelope] Env before/after = -0.0530 / -0.0688
  [DTW-envelope] maxlag after = 0.1277, lag = 0.0 ms
  [DTW-envelope] TWT max change = 2.54 ms
  [DTW-envelope] accept = True
  [DTW-iter] phase envelope: accepted 2/2
  [DTW-waveform] window = 16 samples
  [DTW-waveform] alpha candidates = [0.0, 0.01, 0.03, 0.06, 0.1]
  [DTW-waveform] best alpha/sign = 0.100 / +1
  [DTW-waveform] shift range = -1.30 ~ 0.77 ms
  [DTW-waveform] CC before/after = 0.1277 / 0.1385
  [DTW-waveform] Env before/after = -0.0688 / -0.0667
  [DTW-waveform] maxlag after = 0.1385, lag = 0.0 ms
  [DTW-waveform] TWT max change = 0.93 ms
  [DTW-waveform] accept = True
  [DTW-waveform] window = 16 samples
  [DTW-waveform] alpha candidates = [0.0, 0.01, 0.03, 0.06, 0.1]
  [DTW-waveform] best alpha/sign = 0.100 / +1
  [DTW-waveform] shift range = -1.30 ~ 0.71 ms
  [DTW-waveform] CC before/after = 0.1385 / 0.1485
  [DTW-waveform] Env before/after = -0.0667 / -0.0649
  [DTW-waveform] maxlag after = 0.1487, lag = -1.0 ms
  [DTW-waveform] TWT max change = 0.86 ms
  [DTW-waveform] accept = True
  [DTW-iter] phase waveform: accepted 2/2
  [DTW-iter] keep fixed initial wavelet before fine DTW
  [DTW-fine] window = 9 samples
  [DTW-fine] alpha candidates = [0.0, 0.01, 0.02, 0.04, 0.06]
  [DTW-fine] best alpha/sign = 0.060 / +1
  [DTW-fine] shift range = -0.48 ~ 0.30 ms
  [DTW-fine] CC before/after = 0.1485 / 0.1554
  [DTW-fine] Env before/after = -0.0649 / -0.0648
  [DTW-fine] maxlag after = 0.1555, lag = -1.0 ms
  [DTW-fine] TWT max change = 0.30 ms
  [DTW-fine] accept = True
  [DTW-iter] phase fine: accepted 1/1
  [Constant-phase prior] statistical amplitude spectrum + constant phase search
  [Constant-phase prior] spectral peak = 28.00 Hz
  [Constant-phase prior] auto band = 5.00 - 62.00 Hz
  [Constant-phase prior] phase = -3.0 deg, peak = +0.0 ms
  [Constant-phase prior] CC = 0.157126, Ricker CC = 0.155403
[DTW] CC = 0.155403
[After-DTW prior] source = statistical_constant_phase_prior_after_DTW
[After-DTW prior] CC = 0.157126

--- Step 2: 固定 r_work_final，反演时变子波 ---
========== Robust time-varying wavelet inversion ==========
  N_time                = 2546
  dt                    = 0.001000 s
  wavelet_length        = 129
  data_window_length    = 387
  estimate_step_samples = 20
  estimate_step_ms      = 20.00 ms
  mu1                   = 0.2
  mu2                   = 6.0
  mu_dc                 = 15.0
  mu_prior              = 1.0
  mu_time               = 8.0
  mu_edge               = 1.0
  edge_fraction         = 0.12
  edge_taper            = cosine
  energy_threshold      = 1.162267e-02
  damping_ratio         = 0.0
  svd_cutoff_ratio      = 0.001
  min_effective_rank    = 16
  max_peak_shift        = 15 samples
  time_smooth_sigma     = 30.00 samples
  wavelet_smooth_sigma  = 4.00 samples
  has_wavelet_prior     = True
  loss_type             = student_t
  student_nu            = 10.0
  irls_max_iter         = 12
  irls_tol              = 0.0003
  robust_scale_floor    = 1.953573e-02
  robust_weight_floor   = 0.001
  min_effective_ratio   = 0.3
  outlier_weight_thresh = 0.5
  store_weight_map      = True
  attempted windows      = 108
  valid inverted centers = 70 / 108
  skipped low energy     = 21
  skipped ill-cond       = 0
  skipped NaN/Inf        = 0
  skipped peak shift     = 17
  skipped amp jump       = 0
  robust attempted       = 87
  irls_step_converged    = 87
  robust solution used   = 87
  post_qc_valid (robust) = 70
  robust fallback to L2  = 0
  median robust sigma    = 3.240143e-01
  median weight mean     = 0.9174
  median effective ratio = 0.9882
  median qc_dc_ratio     = 1.573e-17
  median centroid_freq   = 27.03 Hz
============================================================
  wavelet_alignment     = center

--- Step 3: W_est 直接合成与质量验收 ---
  use_negative_W      = False
  CC_stationary       = 0.1571
  CC_after_DTW        = 0.1554
  CC_tv_direct        = 0.4355
  CC gain vs DTW      = +0.2801
  CC gain vs stat     = +0.2784
  Maxlag CC           = 0.4373, lag=-1.0 ms
  Envelope CC         = 0.0277, gain vs stat=+0.0808
  Peak metric p10/med/p90 = -2.00 / -1.00 / 64.00 ms
  wavelet_alignment   = center
  valid_ratio         = 0.6481481481481481
  numerical_pass      = True
  physical_pass       = False
  W_est pass gate     = False
[Pre-acceptance hybrid] enabled = True
[Pre-acceptance hybrid] short gap limit = 60.0 ms
[Pre-acceptance hybrid] strict reliable sample ratio = 0.016
[Pre-acceptance hybrid] valid direct centers = 70
[Pre-acceptance hybrid] strict reliable centers = 42 (0.600)
[Pre-acceptance hybrid] gray admissible centers = 20 (0.286)
[Pre-acceptance hybrid] total admissible centers = 62 (0.886)
[Pre-acceptance hybrid] rejected direct centers = 8 (0.114)
[Pre-acceptance hybrid] TV support sample ratio = 0.480
[Pre-acceptance hybrid] short gap ratio = 0.456
[Pre-acceptance hybrid] hard prior ratio = 0.520
[Pre-acceptance hybrid] blend ratio = 0.094
[Pre-acceptance hybrid] raw CC = 0.435505
[Pre-acceptance hybrid] hybrid CC = 0.287982
[Pre-acceptance hybrid] raw pass = False
[Pre-acceptance hybrid] hybrid pass = True
[Pre-acceptance hybrid] reasons = []
[Local fallback] enabled = True
[Local fallback] hard_ratio      = 0.520
[Local fallback] effective_ratio = 0.529
[Candidate QC] reliable_ratio  = 0.016
[Candidate QC] shape_bad_ratio = 0.352
[Local fallback] shape_ratio     = 0.352
[Pre-acceptance hybrid] decisive acceptance pass = True; reasons = []
>>> NEW plot_pure_ricker_vs_obs_vs_tv_wiggle <<<
[Selected-time QC] fig10
  target=0.835s selected=0.835s idx=255 raw_idx=255 direct_inverted=0 strict_reliable=0 admissible_direct=0 gray_zone=0 rejected_direct=0 hybrid_support=0 hybrid_fallback_requested=1 final_shape_reliable=1 fallback=1 hybrid_alpha=0.000 final_alpha=0.000 peak_metric_ms=0.000 wavelet_energy_norm=0.685 side_lobe_ratio=0.438 edge_energy_ratio=0.000
  target=1.513s selected=1.513s idx=933 raw_idx=933 direct_inverted=1 strict_reliable=1 admissible_direct=1 gray_zone=0 rejected_direct=0 hybrid_support=1 hybrid_fallback_requested=0 final_shape_reliable=1 fallback=0 hybrid_alpha=1.000 final_alpha=1.000 peak_metric_ms=-2.000 wavelet_energy_norm=0.735 side_lobe_ratio=0.655 edge_energy_ratio=0.100
  target=2.192s selected=2.192s idx=1612 raw_idx=1612 direct_inverted=0 strict_reliable=0 admissible_direct=0 gray_zone=0 rejected_direct=0 hybrid_support=1 hybrid_fallback_requested=0 final_shape_reliable=1 fallback=0 hybrid_alpha=1.000 final_alpha=1.000 peak_metric_ms=0.000 wavelet_energy_norm=0.832 side_lobe_ratio=0.603 edge_energy_ratio=0.062
  target=2.870s selected=2.870s idx=2290 raw_idx=2290 direct_inverted=0 strict_reliable=0 admissible_direct=0 gray_zone=0 rejected_direct=0 hybrid_support=0 hybrid_fallback_requested=1 final_shape_reliable=1 fallback=1 hybrid_alpha=0.000 final_alpha=0.000 peak_metric_ms=0.000 wavelet_energy_norm=0.685 side_lobe_ratio=0.438 edge_energy_ratio=0.000
[Selected-time QC] fig11
  target=0.835s selected=0.835s idx=255 raw_idx=255 direct_inverted=0 strict_reliable=0 admissible_direct=0 gray_zone=0 rejected_direct=0 hybrid_support=0 hybrid_fallback_requested=1 final_shape_reliable=1 fallback=1 hybrid_alpha=0.000 final_alpha=0.000 peak_metric_ms=0.000 wavelet_energy_norm=0.685 side_lobe_ratio=0.438 edge_energy_ratio=0.000
  target=1.089s selected=1.089s idx=509 raw_idx=509 direct_inverted=0 strict_reliable=0 admissible_direct=0 gray_zone=0 rejected_direct=0 hybrid_support=0 hybrid_fallback_requested=1 final_shape_reliable=1 fallback=1 hybrid_alpha=0.000 final_alpha=0.000 peak_metric_ms=0.000 wavelet_energy_norm=0.685 side_lobe_ratio=0.438 edge_energy_ratio=0.000
  target=1.343s selected=1.395s idx=815 raw_idx=763 direct_inverted=0 strict_reliable=0 admissible_direct=0 gray_zone=0 rejected_direct=0 hybrid_support=1 hybrid_fallback_requested=0 final_shape_reliable=1 fallback=0 hybrid_alpha=1.000 final_alpha=1.000 peak_metric_ms=-1.000 wavelet_energy_norm=0.947 side_lobe_ratio=0.750 edge_energy_ratio=0.128
  target=1.598s selected=1.598s idx=1018 raw_idx=1018 direct_inverted=0 strict_reliable=0 admissible_direct=0 gray_zone=0 rejected_direct=0 hybrid_support=1 hybrid_fallback_requested=0 final_shape_reliable=1 fallback=0 hybrid_alpha=1.000 final_alpha=1.000 peak_metric_ms=-1.000 wavelet_energy_norm=0.665 side_lobe_ratio=0.611 edge_energy_ratio=0.093
  target=1.852s selected=1.852s idx=1272 raw_idx=1272 direct_inverted=0 strict_reliable=0 admissible_direct=0 gray_zone=0 rejected_direct=0 hybrid_support=0 hybrid_fallback_requested=1 final_shape_reliable=1 fallback=1 hybrid_alpha=0.000 final_alpha=0.000 peak_metric_ms=0.000 wavelet_energy_norm=0.685 side_lobe_ratio=0.438 edge_energy_ratio=0.000
  target=2.107s selected=2.107s idx=1527 raw_idx=1527 direct_inverted=0 strict_reliable=0 admissible_direct=0 gray_zone=0 rejected_direct=0 hybrid_support=1 hybrid_fallback_requested=0 final_shape_reliable=1 fallback=0 hybrid_alpha=0.833 final_alpha=0.833 peak_metric_ms=0.000 wavelet_energy_norm=0.695 side_lobe_ratio=0.569 edge_energy_ratio=0.051
  target=2.361s selected=2.361s idx=1781 raw_idx=1781 direct_inverted=0 strict_reliable=0 admissible_direct=0 gray_zone=0 rejected_direct=0 hybrid_support=1 hybrid_fallback_requested=0 final_shape_reliable=1 fallback=0 hybrid_alpha=1.000 final_alpha=1.000 peak_metric_ms=0.000 wavelet_energy_norm=0.900 side_lobe_ratio=0.542 edge_energy_ratio=0.034
  target=2.616s selected=2.616s idx=2036 raw_idx=2036 direct_inverted=0 strict_reliable=0 admissible_direct=0 gray_zone=0 rejected_direct=0 hybrid_support=1 hybrid_fallback_requested=0 final_shape_reliable=1 fallback=0 hybrid_alpha=1.000 final_alpha=1.000 peak_metric_ms=-1.000 wavelet_energy_norm=0.976 side_lobe_ratio=0.701 edge_energy_ratio=0.016
  target=2.870s selected=2.870s idx=2290 raw_idx=2290 direct_inverted=0 strict_reliable=0 admissible_direct=0 gray_zone=0 rejected_direct=0 hybrid_support=0 hybrid_fallback_requested=1 final_shape_reliable=1 fallback=1 hybrid_alpha=0.000 final_alpha=0.000 peak_metric_ms=0.000 wavelet_energy_norm=0.685 side_lobe_ratio=0.438 edge_energy_ratio=0.000

[Final]
  CC_initial_ricker_before_DTW: 0.1036507646943142
  CC_stationary: 0.1571262285067304
  CC_after_DTW: 0.15540264622905386
  CC_prior_after_DTW: 0.1571262285067304
  CC_tv_direct: 0.287981774710128
  W_pass: True
  q_pass: False
  CC_Q: None
  Q_global: None
  CC_final: 0.287981774710128
  final_model_type: W_est_best_no_Q
  best_lag_ms: 0.0
  peak_metric_p10: -1.0000000000000009
  peak_metric_med: 0.0
  peak_metric_p90: 0.0
  peak_abs_p90: 1.0000000000000009
  valid_ratio: 0.6481481481481481
  use_negative_W: False
  acceptance_reasons: []
  q_reason: q_disabled
  raw_tv_peak_metric_p10: -2.0000000000000018
  raw_tv_peak_metric_med: -1.0000000000000009
  raw_tv_peak_metric_p90: 64.00000000000006
  hybrid_direct_reliable_ratio_scope: strict_reliable_samples_over_all_time_samples
  hybrid_valid_direct_count: 70
  hybrid_strict_reliable_direct_count: 42
  hybrid_admissible_direct_count: 62
  hybrid_gray_zone_direct_count: 20
  hybrid_rejected_direct_count: 8
  hybrid_strict_reliable_center_ratio: 0.6
  hybrid_admissible_direct_center_ratio: 0.8857142857142857
  hybrid_gray_zone_center_ratio: 0.2857142857142857
  hybrid_rejected_direct_center_ratio: 0.11428571428571428
  hybrid_strict_reliable_sample_ratio: 0.016496465043205028
  hybrid_admissible_direct_sample_ratio: 0.024351924587588374
  hybrid_gray_zone_sample_ratio: 0.007855459544383346
  hybrid_rejected_direct_sample_ratio: 0.003142183817753339
  raw_tv_W_pass: False
  raw_tv_CC_direct: 0.4355050262828874
  raw_tv_best_lag_ms: -1.0000000000000009
  raw_tv_peak_abs_p90: 64.00000000000006
  raw_tv_acceptance_reasons: ['center_peak_p90_shift_too_large', 'center_peak_violation_ratio_too_large']
  hybrid_tv_W_pass: True
  hybrid_tv_acceptance_reasons: []
  hybrid_tv_CC_direct: 0.287981774710128
  hybrid_tv_env_cc: 0.017042888487551255
  hybrid_tv_best_lag_ms: 0.0
  hybrid_tv_peak_p10_ms: -1.0000000000000009
  hybrid_tv_peak_median_ms: 0.0
  hybrid_tv_peak_p90_ms: 0.0
  hybrid_tv_peak_abs_p90_ms: 1.0000000000000009
  hybrid_tv_peak_violation_ratio: 0.0
  hybrid_short_gap_limit_ms: 60.0
  hybrid_direct_reliable_ratio: 0.016496465043205028
  hybrid_short_gap_ratio: 0.4556166535742341
  hybrid_hard_prior_ratio: 0.5200314218381775
  hybrid_blend_ratio: 0.09426551453260015
  hybrid_tv_support_ratio: 0.4799685781618225
  hybrid_candidate_scope: local_repair_before_global_acceptance
  residual_median_p90: 0.045118476381559344
  residual_median_med: -0.0004939314141971418
  tv_loss_type: student_t
  tv_student_nu: 10.0
  tv_robust_fallback: l2
  tv_irls_max_iter: 12
  tv_irls_tol: 0.0003
  edge_penalty_enabled: True
  mu_edge_configured: 1.0
  mu_edge_effective: 1.0
  edge_penalty_fraction: 0.12
  edge_penalty_taper: cosine
  student_objective_includes_edge: True
  stationary_candidate_accepted: False
  stationary_candidate_peak_ms: nan
  stationary_rejection_code: not_attempted_constant_phase_policy
  stationary_rejection_reason: after-DTW prior 使用 statistical constant-phase policy，未运行 free-form stationary LS candidate。
  stationary_prior_source: statistical_constant_phase_prior_after_DTW
  prior_source: statistical_constant_phase_prior_after_DTW
  CC_selected_prior_after_DTW: 0.1571262285067304
  stationary_prior_method_configured: constant_phase
  constant_phase_candidate_accepted: True
  constant_phase_deg: -3.0
  constant_phase_spectral_peak_hz: 27.999999999999975
  constant_phase_band_low_hz: 4.999999999999996
  constant_phase_band_high_hz: 61.99999999999994
  constant_phase_candidate_cc: 0.1571262285067304
  constant_phase_ricker_cc: 0.15540264622905386
  constant_phase_rejection_reason: 
  CC_stationary_raw: nan
  CC_stationary_raw_env: nan
  CC_stationary_raw_scope: unlocked_candidate_before_ricker_fallback
  CC_prior_after_DTW_scope: selected_prior_after_DTW
  candidate_valid_ratio: 0.6481481481481481
  candidate_best_lag_ms: -1.0000000000000009
  candidate_peak_metric_p10: -2.0000000000000018
  candidate_peak_metric_med: -1.0000000000000009
  candidate_peak_metric_p90: 64.00000000000006
  candidate_peak_abs_p90: 64.00000000000006
  local_fallback_enabled: True
  local_fallback_ratio: 0.5294273279830994
  local_fallback_hard_ratio: 0.5200314218381775
  local_fallback_effective_ratio: 0.5294273279830994
  fallback_by_shape_ratio: 0.3523173605655931
  candidate_shape_fallback_request_ratio: 0.3523173605655931
  candidate_shape_fallback_raw_ratio: 0.3523173605655931
  candidate_reliable_ratio: 0.016496465043205028
  candidate_reliable_scope: direct_inversion_and_peak_energy_shape_qc
  final_reliable_ratio: 0.8609583660644148
  final_reliable_scope: shape_peak_energy_only; does_not_mean_direct_inversion
  side_lobe_p90: 1.2865716750117595
  edge_energy_p90: 0.2326276543786027
  candidate_side_lobe_p50: 0.7539341925467297
  candidate_side_lobe_p90: 1.2865716750117595
  candidate_side_lobe_max: 1.2865716750117595
  candidate_edge_energy_p50: 0.11539191529491671
  candidate_edge_energy_p90: 0.2326276543786027
  candidate_edge_energy_max: 0.2326276543786027
  final_side_lobe_p50: 0.4379574936754552
  final_side_lobe_p90: 0.8018889453349953
  final_side_lobe_max: 0.8851766843612621
  final_edge_energy_p50: 0.00041701885192026
  final_edge_energy_p90: 0.12763322626611345
  final_edge_energy_max: 0.1822796122464204
  candidate_boundary_peak_fraction: 0.199528672427337
  final_boundary_peak_fraction: 0.0
  boundary_peak_fraction_parameter: 0.12
  candidate_peak_violation_ratio: 0.3236449332285939
  candidate_center_step_ms: 20.000000000000018
  longest_candidate_invalid_gap_ms: 399.9999999999999
  longest_candidate_unreliable_gap_ms: 640.0
  candidate_temporal_difference_energy: 7.207215847819581e-05
  final_temporal_difference_energy: 0.0036194746710704545
  irls_iterations_median: 3.0
  irls_iterations_max: 5
  candidate_origin_scope: pre_gaussian_fill_lineage
  candidate_origin_codes: {'direct_inverted_center': 0, 'linear_interpolated': 1, 'endpoint_extrapolated': 2, 'prior_fill_when_no_valid_center': 3, 'unavailable': 5}
  final_wavelet_source_scope: final_model_and_local_fallback_mix
  final_wavelet_source_codes: {'tv_candidate': 0, 'q_constrained_candidate': 1, 'stationary_prior': 2, 'local_fallback_prior': 3, 'local_fallback_blend': 4}
  local_fallback_peak_limit_ms: 15.0
  local_fallback_energy_min: 0.15
  local_fallback_pad_ms: 0.0
  local_fallback_alpha_smooth_samples: 15.0
  local_fallback_use_shape_qc: True
  local_fallback_side_lobe_limit_reliable: 0.75
  local_fallback_side_lobe_limit_fallback: 0.95
  local_fallback_side_lobe_guard_ms: 12.0
  local_fallback_edge_energy_limit_reliable: 0.15
  local_fallback_edge_energy_limit_fallback: 0.3
  local_fallback_edge_fraction: 0.15
  CC_final_direct: 0.287981774710128
  CC_final_similarity: 0.19315316453141582
  CC_final_maxlag: 0.28798177470865466
  CC_final_env: 0.017042888487551255
  CC_final_best_lag_ms: 0.0
  CC_final_lag_penalty: 0.0
  CC_final_before_local_fallback_direct: 0.4355050262828874
  CC_final_before_local_fallback_similarity: 0.28127532168970226
  CC_final_before_local_fallback_maxlag: 0.43731932192479195
  CC_final_before_local_fallback_env: 0.02771197715078964
  CC_final_before_local_fallback_best_lag_ms: -1.0000000000000009
  CC_final_similarity_delta_local_fallback: -0.08812215715828645
  CC_final_direct_delta_local_fallback: -0.14752325157275942
  final_peak_metric_p10_before_local_fallback: -2.0000000000000018
  final_peak_metric_med_before_local_fallback: -1.0000000000000009
  final_peak_metric_p90_before_local_fallback: 64.00000000000006
  final_peak_abs_p90_before_local_fallback: 64.00000000000006
  final_peak_metric_p10_after_local_fallback: -1.0000000000000009
  final_peak_metric_med_after_local_fallback: 0.0
  final_peak_metric_p90_after_local_fallback: 0.0
  final_peak_abs_p90_after_local_fallback: 1.0000000000000009
  final_wavelet_energy_l2_median_before_local_fallback: 4.021311118812379
  final_wavelet_energy_l2_median_after_local_fallback: 3.3143580857549155
  final_centroid_frequency_hz_median_before_local_fallback: 27.034671246235984
  final_centroid_frequency_hz_median_after_local_fallback: 28.282293174587643
  W_pass_scope: preacceptance_hybrid_candidate
  CC_tv_direct_scope: preacceptance_hybrid_candidate
  valid_ratio_scope: raw_tv_direct_inversion_centers
  acceptance_reasons_scope: preacceptance_hybrid_candidate
  peak_metric_scope: preacceptance_hybrid_candidate
  best_lag_scope: preacceptance_hybrid_candidate
  hybrid_acceptance_evaluated: True
  hybrid_acceptance_passed: True
  hybrid_acceptance_reasons: []
  hybrid_acceptance_scope: decisive_preacceptance_hybrid_gate
  post_local_fallback_acceptance_evaluated: True
  post_local_fallback_acceptance_passed: True
  post_local_fallback_acceptance_reasons: []
  post_local_fallback_acceptance_scope: legacy_alias_of_decisive_preacceptance_hybrid_gate
  CC_final_ricker_similarity: 0.0017388165135371267
  CC_final_ricker_maxlag: 0.09949674980679894
  CC_final_ricker_env: -0.03153547044942684
  CC_final_ricker_scope: 35hz_initial_reflectivity
  ricker_qc_frequency_hz: 35.0
  ricker_qc_wavelet_length_pts: 129
  CC_ricker_35hz_initial_reflectivity_direct: 0.08053018777090891
  CC_ricker_35hz_initial_reflectivity_similarity: 0.0017388165135371267
  CC_ricker_35hz_initial_reflectivity_maxlag: 0.09949674980679894
  CC_ricker_35hz_initial_reflectivity_env: -0.03153547044942684
  CC_ricker_35hz_initial_reflectivity_best_lag_ms: -4.0000000000000036
  CC_ricker_35hz_after_dtw_reflectivity_direct: 0.1348382639136047
  CC_ricker_35hz_after_dtw_reflectivity_similarity: 0.06629075846590803
  CC_ricker_35hz_after_dtw_reflectivity_maxlag: 0.13483826391115256
  CC_ricker_35hz_after_dtw_reflectivity_env: -0.06101175164738958
  CC_ricker_35hz_after_dtw_reflectivity_best_lag_ms: 0.0
[Matrix] running configs\ablation\A01_no_edge.yaml
============================================================
Real-data experiment (CB805): cb805_ablation_A01_no_edge
alignment = center
result_dir = _experiment_results/ablation/A01_no_edge
============================================================
  [Ricker prior] use fixed center Ricker before DTW
  [Ricker prior] f_dom = 28.32 Hz
  [Ricker prior] wavelet_length_pts = 129
  [Ricker prior] CC = 0.103651
[Initial prior] source = center_ricker_for_DTW
[Initial prior] CC = 0.103651
  [DTW-iter] phased candidate DTW begins
  [DTW-envelope] window = 18 samples
  [DTW-envelope] alpha candidates = [0.0, 0.01, 0.05, 0.1, 0.15]
  [DTW-envelope] best alpha/sign = 0.150 / -1
  [DTW-envelope] shift range = -2.39 ~ 2.54 ms
  [DTW-envelope] CC before/after = 0.1037 / 0.1191
  [DTW-envelope] Env before/after = -0.0358 / -0.0530
  [DTW-envelope] maxlag after = 0.1234, lag = -2.0 ms
  [DTW-envelope] TWT max change = 2.54 ms
  [DTW-envelope] accept = True
  [DTW-envelope] window = 18 samples
  [DTW-envelope] alpha candidates = [0.0, 0.01, 0.05, 0.1, 0.15]
  [DTW-envelope] best alpha/sign = 0.150 / -1
  [DTW-envelope] shift range = -2.40 ~ 2.54 ms
  [DTW-envelope] CC before/after = 0.1191 / 0.1277
  [DTW-envelope] Env before/after = -0.0530 / -0.0688
  [DTW-envelope] maxlag after = 0.1277, lag = 0.0 ms
  [DTW-envelope] TWT max change = 2.54 ms
  [DTW-envelope] accept = True
  [DTW-iter] phase envelope: accepted 2/2
  [DTW-waveform] window = 16 samples
  [DTW-waveform] alpha candidates = [0.0, 0.01, 0.03, 0.06, 0.1]
  [DTW-waveform] best alpha/sign = 0.100 / +1
  [DTW-waveform] shift range = -1.30 ~ 0.77 ms
  [DTW-waveform] CC before/after = 0.1277 / 0.1385
  [DTW-waveform] Env before/after = -0.0688 / -0.0667
  [DTW-waveform] maxlag after = 0.1385, lag = 0.0 ms
  [DTW-waveform] TWT max change = 0.93 ms
  [DTW-waveform] accept = True
  [DTW-waveform] window = 16 samples
  [DTW-waveform] alpha candidates = [0.0, 0.01, 0.03, 0.06, 0.1]
  [DTW-waveform] best alpha/sign = 0.100 / +1
  [DTW-waveform] shift range = -1.30 ~ 0.71 ms
  [DTW-waveform] CC before/after = 0.1385 / 0.1485
  [DTW-waveform] Env before/after = -0.0667 / -0.0649
  [DTW-waveform] maxlag after = 0.1487, lag = -1.0 ms
  [DTW-waveform] TWT max change = 0.86 ms
  [DTW-waveform] accept = True
  [DTW-iter] phase waveform: accepted 2/2
  [DTW-iter] keep fixed initial wavelet before fine DTW
  [DTW-fine] window = 9 samples
  [DTW-fine] alpha candidates = [0.0, 0.01, 0.02, 0.04, 0.06]
  [DTW-fine] best alpha/sign = 0.060 / +1
  [DTW-fine] shift range = -0.48 ~ 0.30 ms
  [DTW-fine] CC before/after = 0.1485 / 0.1554
  [DTW-fine] Env before/after = -0.0649 / -0.0648
  [DTW-fine] maxlag after = 0.1555, lag = -1.0 ms
  [DTW-fine] TWT max change = 0.30 ms
  [DTW-fine] accept = True
  [DTW-iter] phase fine: accepted 1/1
  [Constant-phase prior] statistical amplitude spectrum + constant phase search
  [Constant-phase prior] spectral peak = 28.00 Hz
  [Constant-phase prior] auto band = 5.00 - 62.00 Hz
  [Constant-phase prior] phase = -3.0 deg, peak = +0.0 ms
  [Constant-phase prior] CC = 0.157126, Ricker CC = 0.155403
[DTW] CC = 0.155403
[After-DTW prior] source = statistical_constant_phase_prior_after_DTW
[After-DTW prior] CC = 0.157126

--- Step 2: 固定 r_work_final，反演时变子波 ---
========== Robust time-varying wavelet inversion ==========
  N_time                = 2546
  dt                    = 0.001000 s
  wavelet_length        = 129
  data_window_length    = 387
  estimate_step_samples = 20
  estimate_step_ms      = 20.00 ms
  mu1                   = 0.2
  mu2                   = 6.0
  mu_dc                 = 15.0
  mu_prior              = 1.0
  mu_time               = 8.0
  mu_edge               = 0.0
  edge_fraction         = 0.12
  edge_taper            = cosine
  energy_threshold      = 1.162267e-02
  damping_ratio         = 0.0
  svd_cutoff_ratio      = 0.001
  min_effective_rank    = 16
  max_peak_shift        = 15 samples
  time_smooth_sigma     = 30.00 samples
  wavelet_smooth_sigma  = 4.00 samples
  has_wavelet_prior     = True
  loss_type             = student_t
  student_nu            = 10.0
  irls_max_iter         = 12
  irls_tol              = 0.0003
  robust_scale_floor    = 1.953573e-02
  robust_weight_floor   = 0.001
  min_effective_ratio   = 0.3
  outlier_weight_thresh = 0.5
  store_weight_map      = True
  attempted windows      = 108
  valid inverted centers = 65 / 108
  skipped low energy     = 21
  skipped ill-cond       = 0
  skipped NaN/Inf        = 0
  skipped peak shift     = 22
  skipped amp jump       = 0
  robust attempted       = 87
  irls_step_converged    = 87
  robust solution used   = 87
  post_qc_valid (robust) = 65
  robust fallback to L2  = 0
  median robust sigma    = 3.193591e-01
  median weight mean     = 0.9166
  median effective ratio = 0.9883
  median qc_dc_ratio     = 1.329e-17
  median centroid_freq   = 28.33 Hz
============================================================
  wavelet_alignment     = center

--- Step 3: W_est 直接合成与质量验收 ---
  use_negative_W      = False
  CC_stationary       = 0.1571
  CC_after_DTW        = 0.1554
  CC_tv_direct        = 0.3577
  CC gain vs DTW      = +0.2023
  CC gain vs stat     = +0.2006
  Maxlag CC           = 0.3653, lag=-1.0 ms
  Envelope CC         = 0.0148, gain vs stat=+0.0679
  Peak metric p10/med/p90 = -2.00 / -1.00 / 23.00 ms
  wavelet_alignment   = center
  valid_ratio         = 0.6018518518518519
  numerical_pass      = True
  physical_pass       = False
  W_est pass gate     = False
[Pre-acceptance hybrid] enabled = True
[Pre-acceptance hybrid] short gap limit = 60.0 ms
[Pre-acceptance hybrid] strict reliable sample ratio = 0.014
[Pre-acceptance hybrid] valid direct centers = 65
[Pre-acceptance hybrid] strict reliable centers = 36 (0.554)
[Pre-acceptance hybrid] gray admissible centers = 25 (0.385)
[Pre-acceptance hybrid] total admissible centers = 61 (0.938)
[Pre-acceptance hybrid] rejected direct centers = 4 (0.062)
[Pre-acceptance hybrid] TV support sample ratio = 0.472
[Pre-acceptance hybrid] short gap ratio = 0.448
[Pre-acceptance hybrid] hard prior ratio = 0.528
[Pre-acceptance hybrid] blend ratio = 0.094
[Pre-acceptance hybrid] raw CC = 0.357692
[Pre-acceptance hybrid] hybrid CC = 0.287626
[Pre-acceptance hybrid] raw pass = False
[Pre-acceptance hybrid] hybrid pass = True
[Pre-acceptance hybrid] reasons = []
[Local fallback] enabled = True
[Local fallback] hard_ratio      = 0.528
[Local fallback] effective_ratio = 0.537
[Candidate QC] reliable_ratio  = 0.014
[Candidate QC] shape_bad_ratio = 0.144
[Local fallback] shape_ratio     = 0.144
[Pre-acceptance hybrid] decisive acceptance pass = True; reasons = []
>>> NEW plot_pure_ricker_vs_obs_vs_tv_wiggle <<<
[Selected-time QC] fig10
  target=0.835s selected=0.835s idx=255 raw_idx=255 direct_inverted=0 strict_reliable=0 admissible_direct=0 gray_zone=0 rejected_direct=0 hybrid_support=0 hybrid_fallback_requested=1 final_shape_reliable=1 fallback=1 hybrid_alpha=0.000 final_alpha=0.000 peak_metric_ms=0.000 wavelet_energy_norm=0.646 side_lobe_ratio=0.438 edge_energy_ratio=0.000
  target=1.513s selected=1.531s idx=951 raw_idx=933 direct_inverted=0 strict_reliable=0 admissible_direct=0 gray_zone=0 rejected_direct=0 hybrid_support=1 hybrid_fallback_requested=0 final_shape_reliable=1 fallback=0 hybrid_alpha=1.000 final_alpha=1.000 peak_metric_ms=-2.000 wavelet_energy_norm=0.691 side_lobe_ratio=0.653 edge_energy_ratio=0.150
  target=2.192s selected=2.192s idx=1612 raw_idx=1612 direct_inverted=0 strict_reliable=0 admissible_direct=0 gray_zone=0 rejected_direct=0 hybrid_support=1 hybrid_fallback_requested=0 final_shape_reliable=1 fallback=0 hybrid_alpha=1.000 final_alpha=1.000 peak_metric_ms=0.000 wavelet_energy_norm=0.800 side_lobe_ratio=0.619 edge_energy_ratio=0.091
  target=2.870s selected=2.870s idx=2290 raw_idx=2290 direct_inverted=0 strict_reliable=0 admissible_direct=0 gray_zone=0 rejected_direct=0 hybrid_support=0 hybrid_fallback_requested=1 final_shape_reliable=1 fallback=1 hybrid_alpha=0.000 final_alpha=0.000 peak_metric_ms=0.000 wavelet_energy_norm=0.646 side_lobe_ratio=0.438 edge_energy_ratio=0.000
[Selected-time QC] fig11
  target=0.835s selected=0.835s idx=255 raw_idx=255 direct_inverted=0 strict_reliable=0 admissible_direct=0 gray_zone=0 rejected_direct=0 hybrid_support=0 hybrid_fallback_requested=1 final_shape_reliable=1 fallback=1 hybrid_alpha=0.000 final_alpha=0.000 peak_metric_ms=0.000 wavelet_energy_norm=0.646 side_lobe_ratio=0.438 edge_energy_ratio=0.000
  target=1.089s selected=1.089s idx=509 raw_idx=509 direct_inverted=0 strict_reliable=0 admissible_direct=0 gray_zone=0 rejected_direct=0 hybrid_support=0 hybrid_fallback_requested=1 final_shape_reliable=1 fallback=1 hybrid_alpha=0.000 final_alpha=0.000 peak_metric_ms=0.000 wavelet_energy_norm=0.646 side_lobe_ratio=0.438 edge_energy_ratio=0.000
  target=1.343s selected=1.531s idx=951 raw_idx=763 direct_inverted=0 strict_reliable=0 admissible_direct=0 gray_zone=0 rejected_direct=0 hybrid_support=1 hybrid_fallback_requested=0 final_shape_reliable=1 fallback=0 hybrid_alpha=1.000 final_alpha=1.000 peak_metric_ms=-2.000 wavelet_energy_norm=0.691 side_lobe_ratio=0.653 edge_energy_ratio=0.150
  target=1.598s selected=1.598s idx=1018 raw_idx=1018 direct_inverted=0 strict_reliable=0 admissible_direct=0 gray_zone=0 rejected_direct=0 hybrid_support=1 hybrid_fallback_requested=0 final_shape_reliable=1 fallback=0 hybrid_alpha=1.000 final_alpha=1.000 peak_metric_ms=-1.000 wavelet_energy_norm=0.645 side_lobe_ratio=0.619 edge_energy_ratio=0.144
  target=1.852s selected=1.852s idx=1272 raw_idx=1272 direct_inverted=0 strict_reliable=0 admissible_direct=0 gray_zone=0 rejected_direct=0 hybrid_support=0 hybrid_fallback_requested=1 final_shape_reliable=1 fallback=1 hybrid_alpha=0.000 final_alpha=0.000 peak_metric_ms=0.000 wavelet_energy_norm=0.646 side_lobe_ratio=0.438 edge_energy_ratio=0.000
  target=2.107s selected=2.107s idx=1527 raw_idx=1527 direct_inverted=0 strict_reliable=0 admissible_direct=0 gray_zone=0 rejected_direct=0 hybrid_support=1 hybrid_fallback_requested=0 final_shape_reliable=1 fallback=0 hybrid_alpha=0.833 final_alpha=0.833 peak_metric_ms=0.000 wavelet_energy_norm=0.666 side_lobe_ratio=0.580 edge_energy_ratio=0.077
  target=2.361s selected=2.361s idx=1781 raw_idx=1781 direct_inverted=0 strict_reliable=0 admissible_direct=0 gray_zone=0 rejected_direct=0 hybrid_support=1 hybrid_fallback_requested=0 final_shape_reliable=1 fallback=0 hybrid_alpha=1.000 final_alpha=1.000 peak_metric_ms=0.000 wavelet_energy_norm=0.861 side_lobe_ratio=0.561 edge_energy_ratio=0.054
  target=2.616s selected=2.616s idx=2036 raw_idx=2036 direct_inverted=0 strict_reliable=0 admissible_direct=0 gray_zone=0 rejected_direct=0 hybrid_support=1 hybrid_fallback_requested=0 final_shape_reliable=1 fallback=0 hybrid_alpha=1.000 final_alpha=1.000 peak_metric_ms=-1.000 wavelet_energy_norm=0.924 side_lobe_ratio=0.708 edge_energy_ratio=0.024
  target=2.870s selected=2.870s idx=2290 raw_idx=2290 direct_inverted=0 strict_reliable=0 admissible_direct=0 gray_zone=0 rejected_direct=0 hybrid_support=0 hybrid_fallback_requested=1 final_shape_reliable=1 fallback=1 hybrid_alpha=0.000 final_alpha=0.000 peak_metric_ms=0.000 wavelet_energy_norm=0.646 side_lobe_ratio=0.438 edge_energy_ratio=0.000

[Final]
  CC_initial_ricker_before_DTW: 0.1036507646943142
  CC_stationary: 0.1571262285067304
  CC_after_DTW: 0.15540264622905386
  CC_prior_after_DTW: 0.1571262285067304
  CC_tv_direct: 0.2876258869411886
  W_pass: True
  q_pass: False
  CC_Q: None
  Q_global: None
  CC_final: 0.2876258869411886
  final_model_type: W_est_best_no_Q
  best_lag_ms: 0.0
  peak_metric_p10: -1.0000000000000009
  peak_metric_med: 0.0
  peak_metric_p90: 0.0
  peak_abs_p90: 1.0000000000000009
  valid_ratio: 0.6018518518518519
  use_negative_W: False
  acceptance_reasons: []
  q_reason: q_disabled
  raw_tv_peak_metric_p10: -2.0000000000000018
  raw_tv_peak_metric_med: -1.0000000000000009
  raw_tv_peak_metric_p90: 23.00000000000002
  hybrid_direct_reliable_ratio_scope: strict_reliable_samples_over_all_time_samples
  hybrid_valid_direct_count: 65
  hybrid_strict_reliable_direct_count: 36
  hybrid_admissible_direct_count: 61
  hybrid_gray_zone_direct_count: 25
  hybrid_rejected_direct_count: 4
  hybrid_strict_reliable_center_ratio: 0.5538461538461539
  hybrid_admissible_direct_center_ratio: 0.9384615384615385
  hybrid_gray_zone_center_ratio: 0.38461538461538464
  hybrid_rejected_direct_center_ratio: 0.06153846153846154
  hybrid_strict_reliable_sample_ratio: 0.014139827179890024
  hybrid_admissible_direct_sample_ratio: 0.023959151610369208
  hybrid_gray_zone_sample_ratio: 0.009819324430479183
  hybrid_rejected_direct_sample_ratio: 0.0015710919088766694
  raw_tv_W_pass: False
  raw_tv_CC_direct: 0.35769201203730466
  raw_tv_best_lag_ms: -1.0000000000000009
  raw_tv_peak_abs_p90: 23.00000000000002
  raw_tv_acceptance_reasons: ['center_peak_p90_shift_too_large', 'center_peak_violation_ratio_too_large']
  hybrid_tv_W_pass: True
  hybrid_tv_acceptance_reasons: []
  hybrid_tv_CC_direct: 0.2876258869411886
  hybrid_tv_env_cc: 0.02682542469083375
  hybrid_tv_best_lag_ms: 0.0
  hybrid_tv_peak_p10_ms: -1.0000000000000009
  hybrid_tv_peak_median_ms: 0.0
  hybrid_tv_peak_p90_ms: 0.0
  hybrid_tv_peak_abs_p90_ms: 1.0000000000000009
  hybrid_tv_peak_violation_ratio: 0.0
  hybrid_short_gap_limit_ms: 60.0
  hybrid_direct_reliable_ratio: 0.014139827179890024
  hybrid_short_gap_ratio: 0.4481539670070699
  hybrid_hard_prior_ratio: 0.5278868813825609
  hybrid_blend_ratio: 0.09426551453260015
  hybrid_tv_support_ratio: 0.4721131186174391
  hybrid_candidate_scope: local_repair_before_global_acceptance
  residual_median_p90: 0.04730174203187291
  residual_median_med: 0.0027713750038051987
  tv_loss_type: student_t
  tv_student_nu: 10.0
  tv_robust_fallback: l2
  tv_irls_max_iter: 12
  tv_irls_tol: 0.0003
  edge_penalty_enabled: False
  mu_edge_configured: 0.0
  mu_edge_effective: 0.0
  edge_penalty_fraction: 0.12
  edge_penalty_taper: cosine
  student_objective_includes_edge: False
  stationary_candidate_accepted: False
  stationary_candidate_peak_ms: nan
  stationary_rejection_code: not_attempted_constant_phase_policy
  stationary_rejection_reason: after-DTW prior 使用 statistical constant-phase policy，未运行 free-form stationary LS candidate。
  stationary_prior_source: statistical_constant_phase_prior_after_DTW
  prior_source: statistical_constant_phase_prior_after_DTW
  CC_selected_prior_after_DTW: 0.1571262285067304
  stationary_prior_method_configured: constant_phase
  constant_phase_candidate_accepted: True
  constant_phase_deg: -3.0
  constant_phase_spectral_peak_hz: 27.999999999999975
  constant_phase_band_low_hz: 4.999999999999996
  constant_phase_band_high_hz: 61.99999999999994
  constant_phase_candidate_cc: 0.1571262285067304
  constant_phase_ricker_cc: 0.15540264622905386
  constant_phase_rejection_reason: 
  CC_stationary_raw: nan
  CC_stationary_raw_env: nan
  CC_stationary_raw_scope: unlocked_candidate_before_ricker_fallback
  CC_prior_after_DTW_scope: selected_prior_after_DTW
  candidate_valid_ratio: 0.6018518518518519
  candidate_best_lag_ms: -1.0000000000000009
  candidate_peak_metric_p10: -2.0000000000000018
  candidate_peak_metric_med: -1.0000000000000009
  candidate_peak_metric_p90: 23.00000000000002
  candidate_peak_abs_p90: 23.00000000000002
  local_fallback_enabled: True
  local_fallback_ratio: 0.5372827875274828
  local_fallback_hard_ratio: 0.5278868813825609
  local_fallback_effective_ratio: 0.5372827875274828
  fallback_by_shape_ratio: 0.14375490966221524
  candidate_shape_fallback_request_ratio: 0.14375490966221524
  candidate_shape_fallback_raw_ratio: 0.14375490966221524
  candidate_reliable_ratio: 0.014139827179890024
  candidate_reliable_scope: direct_inversion_and_peak_energy_shape_qc
  final_reliable_ratio: 0.8110761979575806
  final_reliable_scope: shape_peak_energy_only; does_not_mean_direct_inversion
  side_lobe_p90: 1.0816962461915332
  edge_energy_p90: 0.2461202587319862
  candidate_side_lobe_p50: 0.7626105163230188
  candidate_side_lobe_p90: 1.0816962461915332
  candidate_side_lobe_max: 1.085981022231618
  candidate_edge_energy_p50: 0.16095613151838561
  candidate_edge_energy_p90: 0.2461202587319862
  candidate_edge_energy_max: 0.24613051188628038
  final_side_lobe_p50: 0.4379574936754552
  final_side_lobe_p90: 0.7982337976342437
  final_side_lobe_max: 0.8616865557026915
  final_edge_energy_p50: 0.00041701885192026
  final_edge_energy_p90: 0.17007402337655475
  final_edge_energy_max: 0.24327170007950383
  candidate_boundary_peak_fraction: 0.0
  final_boundary_peak_fraction: 0.0
  boundary_peak_fraction_parameter: 0.12
  candidate_peak_violation_ratio: 0.1307934014139827
  candidate_center_step_ms: 20.000000000000018
  longest_candidate_invalid_gap_ms: 399.9999999999999
  longest_candidate_unreliable_gap_ms: 760.0000000000001
  candidate_temporal_difference_energy: 5.929742651288756e-05
  final_temporal_difference_energy: 0.004352294953392096
  irls_iterations_median: 3.0
  irls_iterations_max: 5
  candidate_origin_scope: pre_gaussian_fill_lineage
  candidate_origin_codes: {'direct_inverted_center': 0, 'linear_interpolated': 1, 'endpoint_extrapolated': 2, 'prior_fill_when_no_valid_center': 3, 'unavailable': 5}
  final_wavelet_source_scope: final_model_and_local_fallback_mix
  final_wavelet_source_codes: {'tv_candidate': 0, 'q_constrained_candidate': 1, 'stationary_prior': 2, 'local_fallback_prior': 3, 'local_fallback_blend': 4}
  local_fallback_peak_limit_ms: 15.0
  local_fallback_energy_min: 0.15
  local_fallback_pad_ms: 0.0
  local_fallback_alpha_smooth_samples: 15.0
  local_fallback_use_shape_qc: True
  local_fallback_side_lobe_limit_reliable: 0.75
  local_fallback_side_lobe_limit_fallback: 0.95
  local_fallback_side_lobe_guard_ms: 12.0
  local_fallback_edge_energy_limit_reliable: 0.15
  local_fallback_edge_energy_limit_fallback: 0.3
  local_fallback_edge_fraction: 0.15
  CC_final_direct: 0.2876258869411886
  CC_final_similarity: 0.1963457251527551
  CC_final_maxlag: 0.2876258869397171
  CC_final_env: 0.02682542469083375
  CC_final_best_lag_ms: 0.0
  CC_final_lag_penalty: 0.0
  CC_final_before_local_fallback_direct: 0.35769201203730466
  CC_final_before_local_fallback_similarity: 0.22933773017187728
  CC_final_before_local_fallback_maxlag: 0.3652836030356751
  CC_final_before_local_fallback_env: 0.01475013513863982
  CC_final_before_local_fallback_best_lag_ms: -1.0000000000000009
  CC_final_similarity_delta_local_fallback: -0.03299200501912217
  CC_final_direct_delta_local_fallback: -0.07006612509611604
  final_peak_metric_p10_before_local_fallback: -2.0000000000000018
  final_peak_metric_med_before_local_fallback: -1.0000000000000009
  final_peak_metric_p90_before_local_fallback: 23.00000000000002
  final_peak_abs_p90_before_local_fallback: 23.00000000000002
  final_peak_metric_p10_after_local_fallback: -1.0000000000000009
  final_peak_metric_med_after_local_fallback: 0.0
  final_peak_metric_p90_after_local_fallback: 0.0
  final_peak_abs_p90_after_local_fallback: 1.0000000000000009
  final_wavelet_energy_l2_median_before_local_fallback: 4.745699353448543
  final_wavelet_energy_l2_median_after_local_fallback: 3.3143580857549155
  final_centroid_frequency_hz_median_before_local_fallback: 28.33477154155178
  final_centroid_frequency_hz_median_after_local_fallback: 28.282293174587643
  W_pass_scope: preacceptance_hybrid_candidate
  CC_tv_direct_scope: preacceptance_hybrid_candidate
  valid_ratio_scope: raw_tv_direct_inversion_centers
  acceptance_reasons_scope: preacceptance_hybrid_candidate
  peak_metric_scope: preacceptance_hybrid_candidate
  best_lag_scope: preacceptance_hybrid_candidate
  hybrid_acceptance_evaluated: True
  hybrid_acceptance_passed: True
  hybrid_acceptance_reasons: []
  hybrid_acceptance_scope: decisive_preacceptance_hybrid_gate
  post_local_fallback_acceptance_evaluated: True
  post_local_fallback_acceptance_passed: True
  post_local_fallback_acceptance_reasons: []
  post_local_fallback_acceptance_scope: legacy_alias_of_decisive_preacceptance_hybrid_gate
  CC_final_ricker_similarity: 0.0017388165135371267
  CC_final_ricker_maxlag: 0.09949674980679894
  CC_final_ricker_env: -0.03153547044942684
  CC_final_ricker_scope: 35hz_initial_reflectivity
  ricker_qc_frequency_hz: 35.0
  ricker_qc_wavelet_length_pts: 129
  CC_ricker_35hz_initial_reflectivity_direct: 0.08053018777090891
  CC_ricker_35hz_initial_reflectivity_similarity: 0.0017388165135371267
  CC_ricker_35hz_initial_reflectivity_maxlag: 0.09949674980679894
  CC_ricker_35hz_initial_reflectivity_env: -0.03153547044942684
  CC_ricker_35hz_initial_reflectivity_best_lag_ms: -4.0000000000000036
  CC_ricker_35hz_after_dtw_reflectivity_direct: 0.1348382639136047
  CC_ricker_35hz_after_dtw_reflectivity_similarity: 0.06629075846590803
  CC_ricker_35hz_after_dtw_reflectivity_maxlag: 0.13483826391115256
  CC_ricker_35hz_after_dtw_reflectivity_env: -0.06101175164738958
  CC_ricker_35hz_after_dtw_reflectivity_best_lag_ms: 0.0
[Matrix] running configs\ablation\A02_no_dc.yaml
============================================================
Real-data experiment (CB805): cb805_ablation_A02_no_dc
alignment = center
result_dir = _experiment_results/ablation/A02_no_dc
============================================================
  [Ricker prior] use fixed center Ricker before DTW
  [Ricker prior] f_dom = 28.32 Hz
  [Ricker prior] wavelet_length_pts = 129
  [Ricker prior] CC = 0.103651
[Initial prior] source = center_ricker_for_DTW
[Initial prior] CC = 0.103651
  [DTW-iter] phased candidate DTW begins
  [DTW-envelope] window = 18 samples
  [DTW-envelope] alpha candidates = [0.0, 0.01, 0.05, 0.1, 0.15]
  [DTW-envelope] best alpha/sign = 0.150 / -1
  [DTW-envelope] shift range = -2.39 ~ 2.54 ms
  [DTW-envelope] CC before/after = 0.1037 / 0.1191
  [DTW-envelope] Env before/after = -0.0358 / -0.0530
  [DTW-envelope] maxlag after = 0.1234, lag = -2.0 ms
  [DTW-envelope] TWT max change = 2.54 ms
  [DTW-envelope] accept = True
  [DTW-envelope] window = 18 samples
  [DTW-envelope] alpha candidates = [0.0, 0.01, 0.05, 0.1, 0.15]
  [DTW-envelope] best alpha/sign = 0.150 / -1
  [DTW-envelope] shift range = -2.40 ~ 2.54 ms
  [DTW-envelope] CC before/after = 0.1191 / 0.1277
  [DTW-envelope] Env before/after = -0.0530 / -0.0688
  [DTW-envelope] maxlag after = 0.1277, lag = 0.0 ms
  [DTW-envelope] TWT max change = 2.54 ms
  [DTW-envelope] accept = True
  [DTW-iter] phase envelope: accepted 2/2
  [DTW-waveform] window = 16 samples
  [DTW-waveform] alpha candidates = [0.0, 0.01, 0.03, 0.06, 0.1]
  [DTW-waveform] best alpha/sign = 0.100 / +1
  [DTW-waveform] shift range = -1.30 ~ 0.77 ms
  [DTW-waveform] CC before/after = 0.1277 / 0.1385
  [DTW-waveform] Env before/after = -0.0688 / -0.0667
  [DTW-waveform] maxlag after = 0.1385, lag = 0.0 ms
  [DTW-waveform] TWT max change = 0.93 ms
  [DTW-waveform] accept = True
  [DTW-waveform] window = 16 samples
  [DTW-waveform] alpha candidates = [0.0, 0.01, 0.03, 0.06, 0.1]
  [DTW-waveform] best alpha/sign = 0.100 / +1
  [DTW-waveform] shift range = -1.30 ~ 0.71 ms
  [DTW-waveform] CC before/after = 0.1385 / 0.1485
  [DTW-waveform] Env before/after = -0.0667 / -0.0649
  [DTW-waveform] maxlag after = 0.1487, lag = -1.0 ms
  [DTW-waveform] TWT max change = 0.86 ms
  [DTW-waveform] accept = True
  [DTW-iter] phase waveform: accepted 2/2
  [DTW-iter] keep fixed initial wavelet before fine DTW
  [DTW-fine] window = 9 samples
  [DTW-fine] alpha candidates = [0.0, 0.01, 0.02, 0.04, 0.06]
  [DTW-fine] best alpha/sign = 0.060 / +1
  [DTW-fine] shift range = -0.48 ~ 0.30 ms
  [DTW-fine] CC before/after = 0.1485 / 0.1554
  [DTW-fine] Env before/after = -0.0649 / -0.0648
  [DTW-fine] maxlag after = 0.1555, lag = -1.0 ms
  [DTW-fine] TWT max change = 0.30 ms
  [DTW-fine] accept = True
  [DTW-iter] phase fine: accepted 1/1
  [Constant-phase prior] statistical amplitude spectrum + constant phase search
  [Constant-phase prior] spectral peak = 28.00 Hz
  [Constant-phase prior] auto band = 5.00 - 62.00 Hz
  [Constant-phase prior] phase = -3.0 deg, peak = +0.0 ms
  [Constant-phase prior] CC = 0.157126, Ricker CC = 0.155403
[DTW] CC = 0.155403
[After-DTW prior] source = statistical_constant_phase_prior_after_DTW
[After-DTW prior] CC = 0.157126

--- Step 2: 固定 r_work_final，反演时变子波 ---
========== Robust time-varying wavelet inversion ==========
  N_time                = 2546
  dt                    = 0.001000 s
  wavelet_length        = 129
  data_window_length    = 387
  estimate_step_samples = 20
  estimate_step_ms      = 20.00 ms
  mu1                   = 0.2
  mu2                   = 6.0
  mu_dc                 = 0.0
  mu_prior              = 1.0
  mu_time               = 8.0
  mu_edge               = 1.0
  edge_fraction         = 0.12
  edge_taper            = cosine
  energy_threshold      = 1.162267e-02
  damping_ratio         = 0.0
  svd_cutoff_ratio      = 0.001
  min_effective_rank    = 16
  max_peak_shift        = 15 samples
  time_smooth_sigma     = 30.00 samples
  wavelet_smooth_sigma  = 4.00 samples
  has_wavelet_prior     = True
  loss_type             = student_t
  student_nu            = 10.0
  irls_max_iter         = 12
  irls_tol              = 0.0003
  robust_scale_floor    = 1.953573e-02
  robust_weight_floor   = 0.001
  min_effective_ratio   = 0.3
  outlier_weight_thresh = 0.5
  store_weight_map      = True
  attempted windows      = 108
  valid inverted centers = 70 / 108
  skipped low energy     = 21
  skipped ill-cond       = 0
  skipped NaN/Inf        = 0
  skipped peak shift     = 17
  skipped amp jump       = 0
  robust attempted       = 87
  irls_step_converged    = 87
  robust solution used   = 87
  post_qc_valid (robust) = 70
  robust fallback to L2  = 0
  median robust sigma    = 3.245219e-01
  median weight mean     = 0.9173
  median effective ratio = 0.9881
  median qc_dc_ratio     = 1.614e-17
  median centroid_freq   = 27.04 Hz
============================================================
  wavelet_alignment     = center

--- Step 3: W_est 直接合成与质量验收 ---
  use_negative_W      = False
  CC_stationary       = 0.1571
  CC_after_DTW        = 0.1554
  CC_tv_direct        = 0.4356
  CC gain vs DTW      = +0.2802
  CC gain vs stat     = +0.2785
  Maxlag CC           = 0.4374, lag=-1.0 ms
  Envelope CC         = 0.0277, gain vs stat=+0.0808
  Peak metric p10/med/p90 = -2.00 / -1.00 / 64.00 ms
  wavelet_alignment   = center
  valid_ratio         = 0.6481481481481481
  numerical_pass      = True
  physical_pass       = False
  W_est pass gate     = False
[Pre-acceptance hybrid] enabled = True
[Pre-acceptance hybrid] short gap limit = 60.0 ms
[Pre-acceptance hybrid] strict reliable sample ratio = 0.016
[Pre-acceptance hybrid] valid direct centers = 70
[Pre-acceptance hybrid] strict reliable centers = 42 (0.600)
[Pre-acceptance hybrid] gray admissible centers = 20 (0.286)
[Pre-acceptance hybrid] total admissible centers = 62 (0.886)
[Pre-acceptance hybrid] rejected direct centers = 8 (0.114)
[Pre-acceptance hybrid] TV support sample ratio = 0.480
[Pre-acceptance hybrid] short gap ratio = 0.456
[Pre-acceptance hybrid] hard prior ratio = 0.520
[Pre-acceptance hybrid] blend ratio = 0.094
[Pre-acceptance hybrid] raw CC = 0.435644
[Pre-acceptance hybrid] hybrid CC = 0.287986
[Pre-acceptance hybrid] raw pass = False
[Pre-acceptance hybrid] hybrid pass = True
[Pre-acceptance hybrid] reasons = []
[Local fallback] enabled = True
[Local fallback] hard_ratio      = 0.520
[Local fallback] effective_ratio = 0.529
[Candidate QC] reliable_ratio  = 0.016
[Candidate QC] shape_bad_ratio = 0.352
[Local fallback] shape_ratio     = 0.352
[Pre-acceptance hybrid] decisive acceptance pass = True; reasons = []
>>> NEW plot_pure_ricker_vs_obs_vs_tv_wiggle <<<
[Selected-time QC] fig10
  target=0.835s selected=0.835s idx=255 raw_idx=255 direct_inverted=0 strict_reliable=0 admissible_direct=0 gray_zone=0 rejected_direct=0 hybrid_support=0 hybrid_fallback_requested=1 final_shape_reliable=1 fallback=1 hybrid_alpha=0.000 final_alpha=0.000 peak_metric_ms=0.000 wavelet_energy_norm=0.685 side_lobe_ratio=0.438 edge_energy_ratio=0.000
  target=1.513s selected=1.513s idx=933 raw_idx=933 direct_inverted=1 strict_reliable=1 admissible_direct=1 gray_zone=0 rejected_direct=0 hybrid_support=1 hybrid_fallback_requested=0 final_shape_reliable=1 fallback=0 hybrid_alpha=1.000 final_alpha=1.000 peak_metric_ms=-2.000 wavelet_energy_norm=0.735 side_lobe_ratio=0.655 edge_energy_ratio=0.100
  target=2.192s selected=2.192s idx=1612 raw_idx=1612 direct_inverted=0 strict_reliable=0 admissible_direct=0 gray_zone=0 rejected_direct=0 hybrid_support=1 hybrid_fallback_requested=0 final_shape_reliable=1 fallback=0 hybrid_alpha=1.000 final_alpha=1.000 peak_metric_ms=0.000 wavelet_energy_norm=0.832 side_lobe_ratio=0.603 edge_energy_ratio=0.062
  target=2.870s selected=2.870s idx=2290 raw_idx=2290 direct_inverted=0 strict_reliable=0 admissible_direct=0 gray_zone=0 rejected_direct=0 hybrid_support=0 hybrid_fallback_requested=1 final_shape_reliable=1 fallback=1 hybrid_alpha=0.000 final_alpha=0.000 peak_metric_ms=0.000 wavelet_energy_norm=0.685 side_lobe_ratio=0.438 edge_energy_ratio=0.000
[Selected-time QC] fig11
  target=0.835s selected=0.835s idx=255 raw_idx=255 direct_inverted=0 strict_reliable=0 admissible_direct=0 gray_zone=0 rejected_direct=0 hybrid_support=0 hybrid_fallback_requested=1 final_shape_reliable=1 fallback=1 hybrid_alpha=0.000 final_alpha=0.000 peak_metric_ms=0.000 wavelet_energy_norm=0.685 side_lobe_ratio=0.438 edge_energy_ratio=0.000
  target=1.089s selected=1.089s idx=509 raw_idx=509 direct_inverted=0 strict_reliable=0 admissible_direct=0 gray_zone=0 rejected_direct=0 hybrid_support=0 hybrid_fallback_requested=1 final_shape_reliable=1 fallback=1 hybrid_alpha=0.000 final_alpha=0.000 peak_metric_ms=0.000 wavelet_energy_norm=0.685 side_lobe_ratio=0.438 edge_energy_ratio=0.000
  target=1.343s selected=1.395s idx=815 raw_idx=763 direct_inverted=0 strict_reliable=0 admissible_direct=0 gray_zone=0 rejected_direct=0 hybrid_support=1 hybrid_fallback_requested=0 final_shape_reliable=1 fallback=0 hybrid_alpha=1.000 final_alpha=1.000 peak_metric_ms=-1.000 wavelet_energy_norm=0.947 side_lobe_ratio=0.750 edge_energy_ratio=0.128
  target=1.598s selected=1.598s idx=1018 raw_idx=1018 direct_inverted=0 strict_reliable=0 admissible_direct=0 gray_zone=0 rejected_direct=0 hybrid_support=1 hybrid_fallback_requested=0 final_shape_reliable=1 fallback=0 hybrid_alpha=1.000 final_alpha=1.000 peak_metric_ms=-1.000 wavelet_energy_norm=0.665 side_lobe_ratio=0.611 edge_energy_ratio=0.093
  target=1.852s selected=1.852s idx=1272 raw_idx=1272 direct_inverted=0 strict_reliable=0 admissible_direct=0 gray_zone=0 rejected_direct=0 hybrid_support=0 hybrid_fallback_requested=1 final_shape_reliable=1 fallback=1 hybrid_alpha=0.000 final_alpha=0.000 peak_metric_ms=0.000 wavelet_energy_norm=0.685 side_lobe_ratio=0.438 edge_energy_ratio=0.000
  target=2.107s selected=2.107s idx=1527 raw_idx=1527 direct_inverted=0 strict_reliable=0 admissible_direct=0 gray_zone=0 rejected_direct=0 hybrid_support=1 hybrid_fallback_requested=0 final_shape_reliable=1 fallback=0 hybrid_alpha=0.833 final_alpha=0.833 peak_metric_ms=0.000 wavelet_energy_norm=0.696 side_lobe_ratio=0.569 edge_energy_ratio=0.051
  target=2.361s selected=2.361s idx=1781 raw_idx=1781 direct_inverted=0 strict_reliable=0 admissible_direct=0 gray_zone=0 rejected_direct=0 hybrid_support=1 hybrid_fallback_requested=0 final_shape_reliable=1 fallback=0 hybrid_alpha=1.000 final_alpha=1.000 peak_metric_ms=0.000 wavelet_energy_norm=0.900 side_lobe_ratio=0.542 edge_energy_ratio=0.034
  target=2.616s selected=2.616s idx=2036 raw_idx=2036 direct_inverted=0 strict_reliable=0 admissible_direct=0 gray_zone=0 rejected_direct=0 hybrid_support=1 hybrid_fallback_requested=0 final_shape_reliable=1 fallback=0 hybrid_alpha=1.000 final_alpha=1.000 peak_metric_ms=-1.000 wavelet_energy_norm=0.976 side_lobe_ratio=0.701 edge_energy_ratio=0.016
  target=2.870s selected=2.870s idx=2290 raw_idx=2290 direct_inverted=0 strict_reliable=0 admissible_direct=0 gray_zone=0 rejected_direct=0 hybrid_support=0 hybrid_fallback_requested=1 final_shape_reliable=1 fallback=1 hybrid_alpha=0.000 final_alpha=0.000 peak_metric_ms=0.000 wavelet_energy_norm=0.685 side_lobe_ratio=0.438 edge_energy_ratio=0.000

[Final]
  CC_initial_ricker_before_DTW: 0.1036507646943142
  CC_stationary: 0.1571262285067304
  CC_after_DTW: 0.15540264622905386
  CC_prior_after_DTW: 0.1571262285067304
  CC_tv_direct: 0.28798602430869386
  W_pass: True
  q_pass: False
  CC_Q: None
  Q_global: None
  CC_final: 0.28798602430869386
  final_model_type: W_est_best_no_Q
  best_lag_ms: 0.0
  peak_metric_p10: -1.0000000000000009
  peak_metric_med: 0.0
  peak_metric_p90: 0.0
  peak_abs_p90: 1.0000000000000009
  valid_ratio: 0.6481481481481481
  use_negative_W: False
  acceptance_reasons: []
  q_reason: q_disabled
  raw_tv_peak_metric_p10: -2.0000000000000018
  raw_tv_peak_metric_med: -1.0000000000000009
  raw_tv_peak_metric_p90: 64.00000000000006
  hybrid_direct_reliable_ratio_scope: strict_reliable_samples_over_all_time_samples
  hybrid_valid_direct_count: 70
  hybrid_strict_reliable_direct_count: 42
  hybrid_admissible_direct_count: 62
  hybrid_gray_zone_direct_count: 20
  hybrid_rejected_direct_count: 8
  hybrid_strict_reliable_center_ratio: 0.6
  hybrid_admissible_direct_center_ratio: 0.8857142857142857
  hybrid_gray_zone_center_ratio: 0.2857142857142857
  hybrid_rejected_direct_center_ratio: 0.11428571428571428
  hybrid_strict_reliable_sample_ratio: 0.016496465043205028
  hybrid_admissible_direct_sample_ratio: 0.024351924587588374
  hybrid_gray_zone_sample_ratio: 0.007855459544383346
  hybrid_rejected_direct_sample_ratio: 0.003142183817753339
  raw_tv_W_pass: False
  raw_tv_CC_direct: 0.43564441377134566
  raw_tv_best_lag_ms: -1.0000000000000009
  raw_tv_peak_abs_p90: 64.00000000000006
  raw_tv_acceptance_reasons: ['center_peak_p90_shift_too_large', 'center_peak_violation_ratio_too_large']
  hybrid_tv_W_pass: True
  hybrid_tv_acceptance_reasons: []
  hybrid_tv_CC_direct: 0.28798602430869386
  hybrid_tv_env_cc: 0.01703209309431216
  hybrid_tv_best_lag_ms: 0.0
  hybrid_tv_peak_p10_ms: -1.0000000000000009
  hybrid_tv_peak_median_ms: 0.0
  hybrid_tv_peak_p90_ms: 0.0
  hybrid_tv_peak_abs_p90_ms: 1.0000000000000009
  hybrid_tv_peak_violation_ratio: 0.0
  hybrid_short_gap_limit_ms: 60.0
  hybrid_direct_reliable_ratio: 0.016496465043205028
  hybrid_short_gap_ratio: 0.4556166535742341
  hybrid_hard_prior_ratio: 0.5200314218381775
  hybrid_blend_ratio: 0.09426551453260015
  hybrid_tv_support_ratio: 0.4799685781618225
  hybrid_candidate_scope: local_repair_before_global_acceptance
  residual_median_p90: 0.04510416664258942
  residual_median_med: -0.0004982154375303013
  tv_loss_type: student_t
  tv_student_nu: 10.0
  tv_robust_fallback: l2
  tv_irls_max_iter: 12
  tv_irls_tol: 0.0003
  edge_penalty_enabled: True
  mu_edge_configured: 1.0
  mu_edge_effective: 1.0
  edge_penalty_fraction: 0.12
  edge_penalty_taper: cosine
  student_objective_includes_edge: True
  stationary_candidate_accepted: False
  stationary_candidate_peak_ms: nan
  stationary_rejection_code: not_attempted_constant_phase_policy
  stationary_rejection_reason: after-DTW prior 使用 statistical constant-phase policy，未运行 free-form stationary LS candidate。
  stationary_prior_source: statistical_constant_phase_prior_after_DTW
  prior_source: statistical_constant_phase_prior_after_DTW
  CC_selected_prior_after_DTW: 0.1571262285067304
  stationary_prior_method_configured: constant_phase
  constant_phase_candidate_accepted: True
  constant_phase_deg: -3.0
  constant_phase_spectral_peak_hz: 27.999999999999975
  constant_phase_band_low_hz: 4.999999999999996
  constant_phase_band_high_hz: 61.99999999999994
  constant_phase_candidate_cc: 0.1571262285067304
  constant_phase_ricker_cc: 0.15540264622905386
  constant_phase_rejection_reason: 
  CC_stationary_raw: nan
  CC_stationary_raw_env: nan
  CC_stationary_raw_scope: unlocked_candidate_before_ricker_fallback
  CC_prior_after_DTW_scope: selected_prior_after_DTW
  candidate_valid_ratio: 0.6481481481481481
  candidate_best_lag_ms: -1.0000000000000009
  candidate_peak_metric_p10: -2.0000000000000018
  candidate_peak_metric_med: -1.0000000000000009
  candidate_peak_metric_p90: 64.00000000000006
  candidate_peak_abs_p90: 64.00000000000006
  local_fallback_enabled: True
  local_fallback_ratio: 0.5294273279830994
  local_fallback_hard_ratio: 0.5200314218381775
  local_fallback_effective_ratio: 0.5294273279830994
  fallback_by_shape_ratio: 0.3519245875883739
  candidate_shape_fallback_request_ratio: 0.3519245875883739
  candidate_shape_fallback_raw_ratio: 0.3519245875883739
  candidate_reliable_ratio: 0.016496465043205028
  candidate_reliable_scope: direct_inversion_and_peak_energy_shape_qc
  final_reliable_ratio: 0.8609583660644148
  final_reliable_scope: shape_peak_energy_only; does_not_mean_direct_inversion
  side_lobe_p90: 1.2820982943249986
  edge_energy_p90: 0.23227629875950612
  candidate_side_lobe_p50: 0.7542116922788932
  candidate_side_lobe_p90: 1.2820982943249986
  candidate_side_lobe_max: 1.2820982943249986
  candidate_edge_energy_p50: 0.1154734917209306
  candidate_edge_energy_p90: 0.23227629875950612
  candidate_edge_energy_max: 0.23227629875950612
  final_side_lobe_p50: 0.4379574936754552
  final_side_lobe_p90: 0.8022250357311038
  final_side_lobe_max: 0.8856962602005525
  final_edge_energy_p50: 0.00041701885192026
  final_edge_energy_p90: 0.12757175782331592
  final_edge_energy_max: 0.18237526063598697
  candidate_boundary_peak_fraction: 0.19992144540455617
  final_boundary_peak_fraction: 0.0
  boundary_peak_fraction_parameter: 0.12
  candidate_peak_violation_ratio: 0.324037706205813
  candidate_center_step_ms: 20.000000000000018
  longest_candidate_invalid_gap_ms: 399.9999999999999
  longest_candidate_unreliable_gap_ms: 640.0
  candidate_temporal_difference_energy: 7.207190019057701e-05
  final_temporal_difference_energy: 0.0036244305798363093
  irls_iterations_median: 3.0
  irls_iterations_max: 5
  candidate_origin_scope: pre_gaussian_fill_lineage
  candidate_origin_codes: {'direct_inverted_center': 0, 'linear_interpolated': 1, 'endpoint_extrapolated': 2, 'prior_fill_when_no_valid_center': 3, 'unavailable': 5}
  final_wavelet_source_scope: final_model_and_local_fallback_mix
  final_wavelet_source_codes: {'tv_candidate': 0, 'q_constrained_candidate': 1, 'stationary_prior': 2, 'local_fallback_prior': 3, 'local_fallback_blend': 4}
  local_fallback_peak_limit_ms: 15.0
  local_fallback_energy_min: 0.15
  local_fallback_pad_ms: 0.0
  local_fallback_alpha_smooth_samples: 15.0
  local_fallback_use_shape_qc: True
  local_fallback_side_lobe_limit_reliable: 0.75
  local_fallback_side_lobe_limit_fallback: 0.95
  local_fallback_side_lobe_guard_ms: 12.0
  local_fallback_edge_energy_limit_reliable: 0.15
  local_fallback_edge_energy_limit_fallback: 0.3
  local_fallback_edge_fraction: 0.15
  CC_final_direct: 0.28798602430869386
  CC_final_similarity: 0.19315214838284994
  CC_final_maxlag: 0.28798602430722053
  CC_final_env: 0.01703209309431216
  CC_final_best_lag_ms: 0.0
  CC_final_lag_penalty: 0.0
  CC_final_before_local_fallback_direct: 0.43564441377134566
  CC_final_before_local_fallback_similarity: 0.28134170076535125
  CC_final_before_local_fallback_maxlag: 0.43742544352417484
  CC_final_before_local_fallback_env: 0.027695044142625705
  CC_final_before_local_fallback_best_lag_ms: -1.0000000000000009
  CC_final_similarity_delta_local_fallback: -0.08818955238250131
  CC_final_direct_delta_local_fallback: -0.1476583894626518
  final_peak_metric_p10_before_local_fallback: -2.0000000000000018
  final_peak_metric_med_before_local_fallback: -1.0000000000000009
  final_peak_metric_p90_before_local_fallback: 64.00000000000006
  final_peak_abs_p90_before_local_fallback: 64.00000000000006
  final_peak_metric_p10_after_local_fallback: -1.0000000000000009
  final_peak_metric_med_after_local_fallback: 0.0
  final_peak_metric_p90_after_local_fallback: 0.0
  final_peak_abs_p90_after_local_fallback: 1.0000000000000009
  final_wavelet_energy_l2_median_before_local_fallback: 4.02111962104431
  final_wavelet_energy_l2_median_after_local_fallback: 3.3143580857549155
  final_centroid_frequency_hz_median_before_local_fallback: 27.035427931850258
  final_centroid_frequency_hz_median_after_local_fallback: 28.282293174587643
  W_pass_scope: preacceptance_hybrid_candidate
  CC_tv_direct_scope: preacceptance_hybrid_candidate
  valid_ratio_scope: raw_tv_direct_inversion_centers
  acceptance_reasons_scope: preacceptance_hybrid_candidate
  peak_metric_scope: preacceptance_hybrid_candidate
  best_lag_scope: preacceptance_hybrid_candidate
  hybrid_acceptance_evaluated: True
  hybrid_acceptance_passed: True
  hybrid_acceptance_reasons: []
  hybrid_acceptance_scope: decisive_preacceptance_hybrid_gate
  post_local_fallback_acceptance_evaluated: True
  post_local_fallback_acceptance_passed: True
  post_local_fallback_acceptance_reasons: []
  post_local_fallback_acceptance_scope: legacy_alias_of_decisive_preacceptance_hybrid_gate
  CC_final_ricker_similarity: 0.0017388165135371267
  CC_final_ricker_maxlag: 0.09949674980679894
  CC_final_ricker_env: -0.03153547044942684
  CC_final_ricker_scope: 35hz_initial_reflectivity
  ricker_qc_frequency_hz: 35.0
  ricker_qc_wavelet_length_pts: 129
  CC_ricker_35hz_initial_reflectivity_direct: 0.08053018777090891
  CC_ricker_35hz_initial_reflectivity_similarity: 0.0017388165135371267
  CC_ricker_35hz_initial_reflectivity_maxlag: 0.09949674980679894
  CC_ricker_35hz_initial_reflectivity_env: -0.03153547044942684
  CC_ricker_35hz_initial_reflectivity_best_lag_ms: -4.0000000000000036
  CC_ricker_35hz_after_dtw_reflectivity_direct: 0.1348382639136047
  CC_ricker_35hz_after_dtw_reflectivity_similarity: 0.06629075846590803
  CC_ricker_35hz_after_dtw_reflectivity_maxlag: 0.13483826391115256
  CC_ricker_35hz_after_dtw_reflectivity_env: -0.06101175164738958
  CC_ricker_35hz_after_dtw_reflectivity_best_lag_ms: 0.0
[Matrix] running configs\ablation\A03_no_mu1.yaml
============================================================
Real-data experiment (CB805): cb805_ablation_A03_no_mu1
alignment = center
result_dir = _experiment_results/ablation/A03_no_mu1
============================================================
  [Ricker prior] use fixed center Ricker before DTW
  [Ricker prior] f_dom = 28.32 Hz
  [Ricker prior] wavelet_length_pts = 129
  [Ricker prior] CC = 0.103651
[Initial prior] source = center_ricker_for_DTW
[Initial prior] CC = 0.103651
  [DTW-iter] phased candidate DTW begins
  [DTW-envelope] window = 18 samples
  [DTW-envelope] alpha candidates = [0.0, 0.01, 0.05, 0.1, 0.15]
  [DTW-envelope] best alpha/sign = 0.150 / -1
  [DTW-envelope] shift range = -2.39 ~ 2.54 ms
  [DTW-envelope] CC before/after = 0.1037 / 0.1191
  [DTW-envelope] Env before/after = -0.0358 / -0.0530
  [DTW-envelope] maxlag after = 0.1234, lag = -2.0 ms
  [DTW-envelope] TWT max change = 2.54 ms
  [DTW-envelope] accept = True
  [DTW-envelope] window = 18 samples
  [DTW-envelope] alpha candidates = [0.0, 0.01, 0.05, 0.1, 0.15]
  [DTW-envelope] best alpha/sign = 0.150 / -1
  [DTW-envelope] shift range = -2.40 ~ 2.54 ms
  [DTW-envelope] CC before/after = 0.1191 / 0.1277
  [DTW-envelope] Env before/after = -0.0530 / -0.0688
  [DTW-envelope] maxlag after = 0.1277, lag = 0.0 ms
  [DTW-envelope] TWT max change = 2.54 ms
  [DTW-envelope] accept = True
  [DTW-iter] phase envelope: accepted 2/2
  [DTW-waveform] window = 16 samples
  [DTW-waveform] alpha candidates = [0.0, 0.01, 0.03, 0.06, 0.1]
  [DTW-waveform] best alpha/sign = 0.100 / +1
  [DTW-waveform] shift range = -1.30 ~ 0.77 ms
  [DTW-waveform] CC before/after = 0.1277 / 0.1385
  [DTW-waveform] Env before/after = -0.0688 / -0.0667
  [DTW-waveform] maxlag after = 0.1385, lag = 0.0 ms
  [DTW-waveform] TWT max change = 0.93 ms
  [DTW-waveform] accept = True
  [DTW-waveform] window = 16 samples
  [DTW-waveform] alpha candidates = [0.0, 0.01, 0.03, 0.06, 0.1]
  [DTW-waveform] best alpha/sign = 0.100 / +1
  [DTW-waveform] shift range = -1.30 ~ 0.71 ms
  [DTW-waveform] CC before/after = 0.1385 / 0.1485
  [DTW-waveform] Env before/after = -0.0667 / -0.0649
  [DTW-waveform] maxlag after = 0.1487, lag = -1.0 ms
  [DTW-waveform] TWT max change = 0.86 ms
  [DTW-waveform] accept = True
  [DTW-iter] phase waveform: accepted 2/2
  [DTW-iter] keep fixed initial wavelet before fine DTW
  [DTW-fine] window = 9 samples
  [DTW-fine] alpha candidates = [0.0, 0.01, 0.02, 0.04, 0.06]
  [DTW-fine] best alpha/sign = 0.060 / +1
  [DTW-fine] shift range = -0.48 ~ 0.30 ms
  [DTW-fine] CC before/after = 0.1485 / 0.1554
  [DTW-fine] Env before/after = -0.0649 / -0.0648
  [DTW-fine] maxlag after = 0.1555, lag = -1.0 ms
  [DTW-fine] TWT max change = 0.30 ms
  [DTW-fine] accept = True
  [DTW-iter] phase fine: accepted 1/1
  [Constant-phase prior] statistical amplitude spectrum + constant phase search
  [Constant-phase prior] spectral peak = 28.00 Hz
  [Constant-phase prior] auto band = 5.00 - 62.00 Hz
  [Constant-phase prior] phase = -3.0 deg, peak = +0.0 ms
  [Constant-phase prior] CC = 0.157126, Ricker CC = 0.155403
[DTW] CC = 0.155403
[After-DTW prior] source = statistical_constant_phase_prior_after_DTW
[After-DTW prior] CC = 0.157126

--- Step 2: 固定 r_work_final，反演时变子波 ---
========== Robust time-varying wavelet inversion ==========
  N_time                = 2546
  dt                    = 0.001000 s
  wavelet_length        = 129
  data_window_length    = 387
  estimate_step_samples = 20
  estimate_step_ms      = 20.00 ms
  mu1                   = 0.0
  mu2                   = 6.0
  mu_dc                 = 15.0
  mu_prior              = 1.0
  mu_time               = 8.0
  mu_edge               = 1.0
  edge_fraction         = 0.12
  edge_taper            = cosine
  energy_threshold      = 1.162267e-02
  damping_ratio         = 0.0
  svd_cutoff_ratio      = 0.001
  min_effective_rank    = 16
  max_peak_shift        = 15 samples
  time_smooth_sigma     = 30.00 samples
  wavelet_smooth_sigma  = 4.00 samples
  has_wavelet_prior     = True
  loss_type             = student_t
  student_nu            = 10.0
  irls_max_iter         = 12
  irls_tol              = 0.0003
  robust_scale_floor    = 1.953573e-02
  robust_weight_floor   = 0.001
  min_effective_ratio   = 0.3
  outlier_weight_thresh = 0.5
  store_weight_map      = True
  attempted windows      = 108
  valid inverted centers = 70 / 108
  skipped low energy     = 21
  skipped ill-cond       = 0
  skipped NaN/Inf        = 0
  skipped peak shift     = 17
  skipped amp jump       = 0
  robust attempted       = 87
  irls_step_converged    = 87
  robust solution used   = 87
  post_qc_valid (robust) = 70
  robust fallback to L2  = 0
  median robust sigma    = 3.199046e-01
  median weight mean     = 0.9164
  median effective ratio = 0.9880
  median qc_dc_ratio     = 2.027e-17
  median centroid_freq   = 26.99 Hz
============================================================
  wavelet_alignment     = center

--- Step 3: W_est 直接合成与质量验收 ---
  use_negative_W      = False
  CC_stationary       = 0.1571
  CC_after_DTW        = 0.1554
  CC_tv_direct        = 0.4389
  CC gain vs DTW      = +0.2835
  CC gain vs stat     = +0.2817
  Maxlag CC           = 0.4405, lag=-1.0 ms
  Envelope CC         = 0.0302, gain vs stat=+0.0833
  Peak metric p10/med/p90 = -2.00 / -1.00 / 64.00 ms
  wavelet_alignment   = center
  valid_ratio         = 0.6481481481481481
  numerical_pass      = True
  physical_pass       = False
  W_est pass gate     = False
[Pre-acceptance hybrid] enabled = True
[Pre-acceptance hybrid] short gap limit = 60.0 ms
[Pre-acceptance hybrid] strict reliable sample ratio = 0.017
[Pre-acceptance hybrid] valid direct centers = 70
[Pre-acceptance hybrid] strict reliable centers = 44 (0.629)
[Pre-acceptance hybrid] gray admissible centers = 18 (0.257)
[Pre-acceptance hybrid] total admissible centers = 62 (0.886)
[Pre-acceptance hybrid] rejected direct centers = 8 (0.114)
[Pre-acceptance hybrid] TV support sample ratio = 0.480
[Pre-acceptance hybrid] short gap ratio = 0.456
[Pre-acceptance hybrid] hard prior ratio = 0.520
[Pre-acceptance hybrid] blend ratio = 0.094
[Pre-acceptance hybrid] raw CC = 0.438866
[Pre-acceptance hybrid] hybrid CC = 0.301852
[Pre-acceptance hybrid] raw pass = False
[Pre-acceptance hybrid] hybrid pass = True
[Pre-acceptance hybrid] reasons = []
[Local fallback] enabled = True
[Local fallback] hard_ratio      = 0.520
[Local fallback] effective_ratio = 0.529
[Candidate QC] reliable_ratio  = 0.017
[Candidate QC] shape_bad_ratio = 0.345
[Local fallback] shape_ratio     = 0.345
[Pre-acceptance hybrid] decisive acceptance pass = True; reasons = []
>>> NEW plot_pure_ricker_vs_obs_vs_tv_wiggle <<<
[Selected-time QC] fig10
  target=0.835s selected=0.835s idx=255 raw_idx=255 direct_inverted=0 strict_reliable=0 admissible_direct=0 gray_zone=0 rejected_direct=0 hybrid_support=0 hybrid_fallback_requested=1 final_shape_reliable=1 fallback=1 hybrid_alpha=0.000 final_alpha=0.000 peak_metric_ms=0.000 wavelet_energy_norm=0.616 side_lobe_ratio=0.438 edge_energy_ratio=0.000
  target=1.513s selected=1.513s idx=933 raw_idx=933 direct_inverted=1 strict_reliable=1 admissible_direct=1 gray_zone=0 rejected_direct=0 hybrid_support=1 hybrid_fallback_requested=0 final_shape_reliable=1 fallback=0 hybrid_alpha=1.000 final_alpha=1.000 peak_metric_ms=-2.000 wavelet_energy_norm=0.759 side_lobe_ratio=0.654 edge_energy_ratio=0.094
  target=2.192s selected=2.192s idx=1612 raw_idx=1612 direct_inverted=0 strict_reliable=0 admissible_direct=0 gray_zone=0 rejected_direct=0 hybrid_support=1 hybrid_fallback_requested=0 final_shape_reliable=1 fallback=0 hybrid_alpha=1.000 final_alpha=1.000 peak_metric_ms=0.000 wavelet_energy_norm=0.850 side_lobe_ratio=0.604 edge_energy_ratio=0.061
  target=2.870s selected=2.870s idx=2290 raw_idx=2290 direct_inverted=0 strict_reliable=0 admissible_direct=0 gray_zone=0 rejected_direct=0 hybrid_support=0 hybrid_fallback_requested=1 final_shape_reliable=1 fallback=1 hybrid_alpha=0.000 final_alpha=0.000 peak_metric_ms=0.000 wavelet_energy_norm=0.616 side_lobe_ratio=0.438 edge_energy_ratio=0.000
[Selected-time QC] fig11
  target=0.835s selected=0.835s idx=255 raw_idx=255 direct_inverted=0 strict_reliable=0 admissible_direct=0 gray_zone=0 rejected_direct=0 hybrid_support=0 hybrid_fallback_requested=1 final_shape_reliable=1 fallback=1 hybrid_alpha=0.000 final_alpha=0.000 peak_metric_ms=0.000 wavelet_energy_norm=0.616 side_lobe_ratio=0.438 edge_energy_ratio=0.000
  target=1.089s selected=1.089s idx=509 raw_idx=509 direct_inverted=0 strict_reliable=0 admissible_direct=0 gray_zone=0 rejected_direct=0 hybrid_support=0 hybrid_fallback_requested=1 final_shape_reliable=1 fallback=1 hybrid_alpha=0.000 final_alpha=0.000 peak_metric_ms=0.000 wavelet_energy_norm=0.616 side_lobe_ratio=0.438 edge_energy_ratio=0.000
  target=1.343s selected=1.389s idx=809 raw_idx=763 direct_inverted=0 strict_reliable=0 admissible_direct=0 gray_zone=0 rejected_direct=0 hybrid_support=1 hybrid_fallback_requested=0 final_shape_reliable=1 fallback=0 hybrid_alpha=1.000 final_alpha=1.000 peak_metric_ms=-1.000 wavelet_energy_norm=0.951 side_lobe_ratio=0.749 edge_energy_ratio=0.125
  target=1.598s selected=1.598s idx=1018 raw_idx=1018 direct_inverted=0 strict_reliable=0 admissible_direct=0 gray_zone=0 rejected_direct=0 hybrid_support=1 hybrid_fallback_requested=0 final_shape_reliable=1 fallback=0 hybrid_alpha=1.000 final_alpha=1.000 peak_metric_ms=-1.000 wavelet_energy_norm=0.696 side_lobe_ratio=0.613 edge_energy_ratio=0.087
  target=1.852s selected=1.852s idx=1272 raw_idx=1272 direct_inverted=0 strict_reliable=0 admissible_direct=0 gray_zone=0 rejected_direct=0 hybrid_support=0 hybrid_fallback_requested=1 final_shape_reliable=1 fallback=1 hybrid_alpha=0.000 final_alpha=0.000 peak_metric_ms=0.000 wavelet_energy_norm=0.616 side_lobe_ratio=0.438 edge_energy_ratio=0.000
  target=2.107s selected=2.107s idx=1527 raw_idx=1527 direct_inverted=0 strict_reliable=0 admissible_direct=0 gray_zone=0 rejected_direct=0 hybrid_support=1 hybrid_fallback_requested=0 final_shape_reliable=1 fallback=0 hybrid_alpha=0.833 final_alpha=0.833 peak_metric_ms=-1.000 wavelet_energy_norm=0.707 side_lobe_ratio=0.572 edge_energy_ratio=0.052
  target=2.361s selected=2.361s idx=1781 raw_idx=1781 direct_inverted=0 strict_reliable=0 admissible_direct=0 gray_zone=0 rejected_direct=0 hybrid_support=1 hybrid_fallback_requested=0 final_shape_reliable=1 fallback=0 hybrid_alpha=1.000 final_alpha=1.000 peak_metric_ms=0.000 wavelet_energy_norm=0.928 side_lobe_ratio=0.531 edge_energy_ratio=0.034
  target=2.616s selected=2.616s idx=2036 raw_idx=2036 direct_inverted=0 strict_reliable=0 admissible_direct=0 gray_zone=0 rejected_direct=0 hybrid_support=1 hybrid_fallback_requested=0 final_shape_reliable=1 fallback=0 hybrid_alpha=1.000 final_alpha=1.000 peak_metric_ms=-1.000 wavelet_energy_norm=0.988 side_lobe_ratio=0.687 edge_energy_ratio=0.015
  target=2.870s selected=2.870s idx=2290 raw_idx=2290 direct_inverted=0 strict_reliable=0 admissible_direct=0 gray_zone=0 rejected_direct=0 hybrid_support=0 hybrid_fallback_requested=1 final_shape_reliable=1 fallback=1 hybrid_alpha=0.000 final_alpha=0.000 peak_metric_ms=0.000 wavelet_energy_norm=0.616 side_lobe_ratio=0.438 edge_energy_ratio=0.000

[Final]
  CC_initial_ricker_before_DTW: 0.1036507646943142
  CC_stationary: 0.1571262285067304
  CC_after_DTW: 0.15540264622905386
  CC_prior_after_DTW: 0.1571262285067304
  CC_tv_direct: 0.3018516465709532
  W_pass: True
  q_pass: False
  CC_Q: None
  Q_global: None
  CC_final: 0.3018516465709532
  final_model_type: W_est_best_no_Q
  best_lag_ms: 0.0
  peak_metric_p10: -1.0000000000000009
  peak_metric_med: 0.0
  peak_metric_p90: 0.0
  peak_abs_p90: 1.0000000000000009
  valid_ratio: 0.6481481481481481
  use_negative_W: False
  acceptance_reasons: []
  q_reason: q_disabled
  raw_tv_peak_metric_p10: -2.0000000000000018
  raw_tv_peak_metric_med: -1.0000000000000009
  raw_tv_peak_metric_p90: 64.00000000000006
  hybrid_direct_reliable_ratio_scope: strict_reliable_samples_over_all_time_samples
  hybrid_valid_direct_count: 70
  hybrid_strict_reliable_direct_count: 44
  hybrid_admissible_direct_count: 62
  hybrid_gray_zone_direct_count: 18
  hybrid_rejected_direct_count: 8
  hybrid_strict_reliable_center_ratio: 0.6285714285714286
  hybrid_admissible_direct_center_ratio: 0.8857142857142857
  hybrid_gray_zone_center_ratio: 0.2571428571428571
  hybrid_rejected_direct_center_ratio: 0.11428571428571428
  hybrid_strict_reliable_sample_ratio: 0.01728201099764336
  hybrid_admissible_direct_sample_ratio: 0.024351924587588374
  hybrid_gray_zone_sample_ratio: 0.007069913589945012
  hybrid_rejected_direct_sample_ratio: 0.003142183817753339
  raw_tv_W_pass: False
  raw_tv_CC_direct: 0.43886574866567396
  raw_tv_best_lag_ms: -1.0000000000000009
  raw_tv_peak_abs_p90: 64.00000000000006
  raw_tv_acceptance_reasons: ['center_peak_p90_shift_too_large', 'center_peak_violation_ratio_too_large']
  hybrid_tv_W_pass: True
  hybrid_tv_acceptance_reasons: []
  hybrid_tv_CC_direct: 0.3018516465709532
  hybrid_tv_env_cc: 0.022325111436392597
  hybrid_tv_best_lag_ms: 0.0
  hybrid_tv_peak_p10_ms: -1.0000000000000009
  hybrid_tv_peak_median_ms: 0.0
  hybrid_tv_peak_p90_ms: 0.0
  hybrid_tv_peak_abs_p90_ms: 1.0000000000000009
  hybrid_tv_peak_violation_ratio: 0.0
  hybrid_short_gap_limit_ms: 60.0
  hybrid_direct_reliable_ratio: 0.01728201099764336
  hybrid_short_gap_ratio: 0.4556166535742341
  hybrid_hard_prior_ratio: 0.5200314218381775
  hybrid_blend_ratio: 0.09426551453260015
  hybrid_tv_support_ratio: 0.4799685781618225
  hybrid_candidate_scope: local_repair_before_global_acceptance
  residual_median_p90: 0.046412420199031884
  residual_median_med: -0.0011506523483121494
  tv_loss_type: student_t
  tv_student_nu: 10.0
  tv_robust_fallback: l2
  tv_irls_max_iter: 12
  tv_irls_tol: 0.0003
  edge_penalty_enabled: True
  mu_edge_configured: 1.0
  mu_edge_effective: 1.0
  edge_penalty_fraction: 0.12
  edge_penalty_taper: cosine
  student_objective_includes_edge: True
  stationary_candidate_accepted: False
  stationary_candidate_peak_ms: nan
  stationary_rejection_code: not_attempted_constant_phase_policy
  stationary_rejection_reason: after-DTW prior 使用 statistical constant-phase policy，未运行 free-form stationary LS candidate。
  stationary_prior_source: statistical_constant_phase_prior_after_DTW
  prior_source: statistical_constant_phase_prior_after_DTW
  CC_selected_prior_after_DTW: 0.1571262285067304
  stationary_prior_method_configured: constant_phase
  constant_phase_candidate_accepted: True
  constant_phase_deg: -3.0
  constant_phase_spectral_peak_hz: 27.999999999999975
  constant_phase_band_low_hz: 4.999999999999996
  constant_phase_band_high_hz: 61.99999999999994
  constant_phase_candidate_cc: 0.1571262285067304
  constant_phase_ricker_cc: 0.15540264622905386
  constant_phase_rejection_reason: 
  CC_stationary_raw: nan
  CC_stationary_raw_env: nan
  CC_stationary_raw_scope: unlocked_candidate_before_ricker_fallback
  CC_prior_after_DTW_scope: selected_prior_after_DTW
  candidate_valid_ratio: 0.6481481481481481
  candidate_best_lag_ms: -1.0000000000000009
  candidate_peak_metric_p10: -2.0000000000000018
  candidate_peak_metric_med: -1.0000000000000009
  candidate_peak_metric_p90: 64.00000000000006
  candidate_peak_abs_p90: 64.00000000000006
  local_fallback_enabled: True
  local_fallback_ratio: 0.5294273279830994
  local_fallback_hard_ratio: 0.5200314218381775
  local_fallback_effective_ratio: 0.5294273279830994
  fallback_by_shape_ratio: 0.3452474469756481
  candidate_shape_fallback_request_ratio: 0.3452474469756481
  candidate_shape_fallback_raw_ratio: 0.3452474469756481
  candidate_reliable_ratio: 0.01728201099764336
  candidate_reliable_scope: direct_inversion_and_peak_energy_shape_qc
  final_reliable_ratio: 0.8688138256087982
  final_reliable_scope: shape_peak_energy_only; does_not_mean_direct_inversion
  side_lobe_p90: 1.2590854548517636
  edge_energy_p90: 0.23661678975822859
  candidate_side_lobe_p50: 0.7424093559171621
  candidate_side_lobe_p90: 1.2590854548517636
  candidate_side_lobe_max: 1.2590854548517636
  candidate_edge_energy_p50: 0.11010602322801263
  candidate_edge_energy_p90: 0.23661678975822859
  candidate_edge_energy_max: 0.23661678975822859
  final_side_lobe_p50: 0.4379574936754552
  final_side_lobe_p90: 0.7910625515295335
  final_side_lobe_max: 0.8689408640782635
  final_edge_energy_p50: 0.00041701885192026
  final_edge_energy_p90: 0.12396977980450462
  final_edge_energy_max: 0.1806546715520959
  candidate_boundary_peak_fraction: 0.19874312647289866
  final_boundary_peak_fraction: 0.0
  boundary_peak_fraction_parameter: 0.12
  candidate_peak_violation_ratio: 0.31657501963864887
  candidate_center_step_ms: 20.000000000000018
  longest_candidate_invalid_gap_ms: 399.9999999999999
  longest_candidate_unreliable_gap_ms: 620.0
  candidate_temporal_difference_energy: 8.29010330100377e-05
  final_temporal_difference_energy: 0.004248389154723891
  irls_iterations_median: 3.0
  irls_iterations_max: 5
  candidate_origin_scope: pre_gaussian_fill_lineage
  candidate_origin_codes: {'direct_inverted_center': 0, 'linear_interpolated': 1, 'endpoint_extrapolated': 2, 'prior_fill_when_no_valid_center': 3, 'unavailable': 5}
  final_wavelet_source_scope: final_model_and_local_fallback_mix
  final_wavelet_source_codes: {'tv_candidate': 0, 'q_constrained_candidate': 1, 'stationary_prior': 2, 'local_fallback_prior': 3, 'local_fallback_blend': 4}
  local_fallback_peak_limit_ms: 15.0
  local_fallback_energy_min: 0.15
  local_fallback_pad_ms: 0.0
  local_fallback_alpha_smooth_samples: 15.0
  local_fallback_use_shape_qc: True
  local_fallback_side_lobe_limit_reliable: 0.75
  local_fallback_side_lobe_limit_fallback: 0.95
  local_fallback_side_lobe_guard_ms: 12.0
  local_fallback_edge_energy_limit_reliable: 0.15
  local_fallback_edge_energy_limit_fallback: 0.3
  local_fallback_edge_fraction: 0.15
  CC_final_direct: 0.3018516465709532
  CC_final_similarity: 0.20401735927300768
  CC_final_maxlag: 0.301851646569409
  CC_final_env: 0.022325111436392597
  CC_final_best_lag_ms: 0.0
  CC_final_lag_penalty: 0.0
  CC_final_before_local_fallback_direct: 0.43886574866567396
  CC_final_before_local_fallback_similarity: 0.2842202625378931
  CC_final_before_local_fallback_maxlag: 0.44050424408539757
  CC_final_before_local_fallback_env: 0.030161009783872934
  CC_final_before_local_fallback_best_lag_ms: -1.0000000000000009
  CC_final_similarity_delta_local_fallback: -0.08020290326488544
  CC_final_direct_delta_local_fallback: -0.13701410209472076
  final_peak_metric_p10_before_local_fallback: -2.0000000000000018
  final_peak_metric_med_before_local_fallback: -1.0000000000000009
  final_peak_metric_p90_before_local_fallback: 64.00000000000006
  final_peak_abs_p90_before_local_fallback: 64.00000000000006
  final_peak_metric_p10_after_local_fallback: -1.0000000000000009
  final_peak_metric_med_after_local_fallback: 0.0
  final_peak_metric_p90_after_local_fallback: 0.0
  final_peak_abs_p90_after_local_fallback: 1.0000000000000009
  final_wavelet_energy_l2_median_before_local_fallback: 4.4960004790273915
  final_wavelet_energy_l2_median_after_local_fallback: 3.3143580857549155
  final_centroid_frequency_hz_median_before_local_fallback: 26.9857552826592
  final_centroid_frequency_hz_median_after_local_fallback: 28.282293174587643
  W_pass_scope: preacceptance_hybrid_candidate
  CC_tv_direct_scope: preacceptance_hybrid_candidate
  valid_ratio_scope: raw_tv_direct_inversion_centers
  acceptance_reasons_scope: preacceptance_hybrid_candidate
  peak_metric_scope: preacceptance_hybrid_candidate
  best_lag_scope: preacceptance_hybrid_candidate
  hybrid_acceptance_evaluated: True
  hybrid_acceptance_passed: True
  hybrid_acceptance_reasons: []
  hybrid_acceptance_scope: decisive_preacceptance_hybrid_gate
  post_local_fallback_acceptance_evaluated: True
  post_local_fallback_acceptance_passed: True
  post_local_fallback_acceptance_reasons: []
  post_local_fallback_acceptance_scope: legacy_alias_of_decisive_preacceptance_hybrid_gate
  CC_final_ricker_similarity: 0.0017388165135371267
  CC_final_ricker_maxlag: 0.09949674980679894
  CC_final_ricker_env: -0.03153547044942684
  CC_final_ricker_scope: 35hz_initial_reflectivity
  ricker_qc_frequency_hz: 35.0
  ricker_qc_wavelet_length_pts: 129
  CC_ricker_35hz_initial_reflectivity_direct: 0.08053018777090891
  CC_ricker_35hz_initial_reflectivity_similarity: 0.0017388165135371267
  CC_ricker_35hz_initial_reflectivity_maxlag: 0.09949674980679894
  CC_ricker_35hz_initial_reflectivity_env: -0.03153547044942684
  CC_ricker_35hz_initial_reflectivity_best_lag_ms: -4.0000000000000036
  CC_ricker_35hz_after_dtw_reflectivity_direct: 0.1348382639136047
  CC_ricker_35hz_after_dtw_reflectivity_similarity: 0.06629075846590803
  CC_ricker_35hz_after_dtw_reflectivity_maxlag: 0.13483826391115256
  CC_ricker_35hz_after_dtw_reflectivity_env: -0.06101175164738958
  CC_ricker_35hz_after_dtw_reflectivity_best_lag_ms: 0.0
[Matrix] running configs\ablation\A04_no_mu2.yaml
============================================================
Real-data experiment (CB805): cb805_ablation_A04_no_mu2
alignment = center
result_dir = _experiment_results/ablation/A04_no_mu2
============================================================
  [Ricker prior] use fixed center Ricker before DTW
  [Ricker prior] f_dom = 28.32 Hz
  [Ricker prior] wavelet_length_pts = 129
  [Ricker prior] CC = 0.103651
[Initial prior] source = center_ricker_for_DTW
[Initial prior] CC = 0.103651
  [DTW-iter] phased candidate DTW begins
  [DTW-envelope] window = 18 samples
  [DTW-envelope] alpha candidates = [0.0, 0.01, 0.05, 0.1, 0.15]
  [DTW-envelope] best alpha/sign = 0.150 / -1
  [DTW-envelope] shift range = -2.39 ~ 2.54 ms
  [DTW-envelope] CC before/after = 0.1037 / 0.1191
  [DTW-envelope] Env before/after = -0.0358 / -0.0530
  [DTW-envelope] maxlag after = 0.1234, lag = -2.0 ms
  [DTW-envelope] TWT max change = 2.54 ms
  [DTW-envelope] accept = True
  [DTW-envelope] window = 18 samples
  [DTW-envelope] alpha candidates = [0.0, 0.01, 0.05, 0.1, 0.15]
  [DTW-envelope] best alpha/sign = 0.150 / -1
  [DTW-envelope] shift range = -2.40 ~ 2.54 ms
  [DTW-envelope] CC before/after = 0.1191 / 0.1277
  [DTW-envelope] Env before/after = -0.0530 / -0.0688
  [DTW-envelope] maxlag after = 0.1277, lag = 0.0 ms
  [DTW-envelope] TWT max change = 2.54 ms
  [DTW-envelope] accept = True
  [DTW-iter] phase envelope: accepted 2/2
  [DTW-waveform] window = 16 samples
  [DTW-waveform] alpha candidates = [0.0, 0.01, 0.03, 0.06, 0.1]
  [DTW-waveform] best alpha/sign = 0.100 / +1
  [DTW-waveform] shift range = -1.30 ~ 0.77 ms
  [DTW-waveform] CC before/after = 0.1277 / 0.1385
  [DTW-waveform] Env before/after = -0.0688 / -0.0667
  [DTW-waveform] maxlag after = 0.1385, lag = 0.0 ms
  [DTW-waveform] TWT max change = 0.93 ms
  [DTW-waveform] accept = True
  [DTW-waveform] window = 16 samples
  [DTW-waveform] alpha candidates = [0.0, 0.01, 0.03, 0.06, 0.1]
  [DTW-waveform] best alpha/sign = 0.100 / +1
  [DTW-waveform] shift range = -1.30 ~ 0.71 ms
  [DTW-waveform] CC before/after = 0.1385 / 0.1485
  [DTW-waveform] Env before/after = -0.0667 / -0.0649
  [DTW-waveform] maxlag after = 0.1487, lag = -1.0 ms
  [DTW-waveform] TWT max change = 0.86 ms
  [DTW-waveform] accept = True
  [DTW-iter] phase waveform: accepted 2/2
  [DTW-iter] keep fixed initial wavelet before fine DTW
  [DTW-fine] window = 9 samples
  [DTW-fine] alpha candidates = [0.0, 0.01, 0.02, 0.04, 0.06]
  [DTW-fine] best alpha/sign = 0.060 / +1
  [DTW-fine] shift range = -0.48 ~ 0.30 ms
  [DTW-fine] CC before/after = 0.1485 / 0.1554
  [DTW-fine] Env before/after = -0.0649 / -0.0648
  [DTW-fine] maxlag after = 0.1555, lag = -1.0 ms
  [DTW-fine] TWT max change = 0.30 ms
  [DTW-fine] accept = True
  [DTW-iter] phase fine: accepted 1/1
  [Constant-phase prior] statistical amplitude spectrum + constant phase search
  [Constant-phase prior] spectral peak = 28.00 Hz
  [Constant-phase prior] auto band = 5.00 - 62.00 Hz
  [Constant-phase prior] phase = -3.0 deg, peak = +0.0 ms
  [Constant-phase prior] CC = 0.157126, Ricker CC = 0.155403
[DTW] CC = 0.155403
[After-DTW prior] source = statistical_constant_phase_prior_after_DTW
[After-DTW prior] CC = 0.157126

--- Step 2: 固定 r_work_final，反演时变子波 ---
========== Robust time-varying wavelet inversion ==========
  N_time                = 2546
  dt                    = 0.001000 s
  wavelet_length        = 129
  data_window_length    = 387
  estimate_step_samples = 20
  estimate_step_ms      = 20.00 ms
  mu1                   = 0.2
  mu2                   = 0.0
  mu_dc                 = 15.0
  mu_prior              = 1.0
  mu_time               = 8.0
  mu_edge               = 1.0
  edge_fraction         = 0.12
  edge_taper            = cosine
  energy_threshold      = 1.162267e-02
  damping_ratio         = 0.0
  svd_cutoff_ratio      = 0.001
  min_effective_rank    = 16
  max_peak_shift        = 15 samples
  time_smooth_sigma     = 30.00 samples
  wavelet_smooth_sigma  = 4.00 samples
  has_wavelet_prior     = True
  loss_type             = student_t
  student_nu            = 10.0
  irls_max_iter         = 12
  irls_tol              = 0.0003
  robust_scale_floor    = 1.953573e-02
  robust_weight_floor   = 0.001
  min_effective_ratio   = 0.3
  outlier_weight_thresh = 0.5
  store_weight_map      = True
  attempted windows      = 108
  valid inverted centers = 70 / 108
  skipped low energy     = 21
  skipped ill-cond       = 0
  skipped NaN/Inf        = 0
  skipped peak shift     = 17
  skipped amp jump       = 0
  robust attempted       = 87
  irls_step_converged    = 87
  robust solution used   = 87
  post_qc_valid (robust) = 70
  robust fallback to L2  = 0
  median robust sigma    = 3.233958e-01
  median weight mean     = 0.9172
  median effective ratio = 0.9881
  median qc_dc_ratio     = 2.298e-17
  median centroid_freq   = 27.13 Hz
============================================================
  wavelet_alignment     = center

--- Step 3: W_est 直接合成与质量验收 ---
  use_negative_W      = False
  CC_stationary       = 0.1571
  CC_after_DTW        = 0.1554
  CC_tv_direct        = 0.4356
  CC gain vs DTW      = +0.2802
  CC gain vs stat     = +0.2785
  Maxlag CC           = 0.4373, lag=-1.0 ms
  Envelope CC         = 0.0278, gain vs stat=+0.0810
  Peak metric p10/med/p90 = -2.00 / -1.00 / 64.00 ms
  wavelet_alignment   = center
  valid_ratio         = 0.6481481481481481
  numerical_pass      = True
  physical_pass       = False
  W_est pass gate     = False
[Pre-acceptance hybrid] enabled = True
[Pre-acceptance hybrid] short gap limit = 60.0 ms
[Pre-acceptance hybrid] strict reliable sample ratio = 0.016
[Pre-acceptance hybrid] valid direct centers = 70
[Pre-acceptance hybrid] strict reliable centers = 42 (0.600)
[Pre-acceptance hybrid] gray admissible centers = 20 (0.286)
[Pre-acceptance hybrid] total admissible centers = 62 (0.886)
[Pre-acceptance hybrid] rejected direct centers = 8 (0.114)
[Pre-acceptance hybrid] TV support sample ratio = 0.480
[Pre-acceptance hybrid] short gap ratio = 0.456
[Pre-acceptance hybrid] hard prior ratio = 0.520
[Pre-acceptance hybrid] blend ratio = 0.094
[Pre-acceptance hybrid] raw CC = 0.435592
[Pre-acceptance hybrid] hybrid CC = 0.288467
[Pre-acceptance hybrid] raw pass = False
[Pre-acceptance hybrid] hybrid pass = True
[Pre-acceptance hybrid] reasons = []
[Local fallback] enabled = True
[Local fallback] hard_ratio      = 0.520
[Local fallback] effective_ratio = 0.529
[Candidate QC] reliable_ratio  = 0.016
[Candidate QC] shape_bad_ratio = 0.351
[Local fallback] shape_ratio     = 0.351
[Pre-acceptance hybrid] decisive acceptance pass = True; reasons = []
>>> NEW plot_pure_ricker_vs_obs_vs_tv_wiggle <<<
[Selected-time QC] fig10
  target=0.835s selected=0.835s idx=255 raw_idx=255 direct_inverted=0 strict_reliable=0 admissible_direct=0 gray_zone=0 rejected_direct=0 hybrid_support=0 hybrid_fallback_requested=1 final_shape_reliable=1 fallback=1 hybrid_alpha=0.000 final_alpha=0.000 peak_metric_ms=0.000 wavelet_energy_norm=0.681 side_lobe_ratio=0.438 edge_energy_ratio=0.000
  target=1.513s selected=1.513s idx=933 raw_idx=933 direct_inverted=1 strict_reliable=1 admissible_direct=1 gray_zone=0 rejected_direct=0 hybrid_support=1 hybrid_fallback_requested=0 final_shape_reliable=1 fallback=0 hybrid_alpha=1.000 final_alpha=1.000 peak_metric_ms=-2.000 wavelet_energy_norm=0.736 side_lobe_ratio=0.655 edge_energy_ratio=0.099
  target=2.192s selected=2.192s idx=1612 raw_idx=1612 direct_inverted=0 strict_reliable=0 admissible_direct=0 gray_zone=0 rejected_direct=0 hybrid_support=1 hybrid_fallback_requested=0 final_shape_reliable=1 fallback=0 hybrid_alpha=1.000 final_alpha=1.000 peak_metric_ms=0.000 wavelet_energy_norm=0.831 side_lobe_ratio=0.604 edge_energy_ratio=0.062
  target=2.870s selected=2.870s idx=2290 raw_idx=2290 direct_inverted=0 strict_reliable=0 admissible_direct=0 gray_zone=0 rejected_direct=0 hybrid_support=0 hybrid_fallback_requested=1 final_shape_reliable=1 fallback=1 hybrid_alpha=0.000 final_alpha=0.000 peak_metric_ms=0.000 wavelet_energy_norm=0.681 side_lobe_ratio=0.438 edge_energy_ratio=0.000
[Selected-time QC] fig11
  target=0.835s selected=0.835s idx=255 raw_idx=255 direct_inverted=0 strict_reliable=0 admissible_direct=0 gray_zone=0 rejected_direct=0 hybrid_support=0 hybrid_fallback_requested=1 final_shape_reliable=1 fallback=1 hybrid_alpha=0.000 final_alpha=0.000 peak_metric_ms=0.000 wavelet_energy_norm=0.681 side_lobe_ratio=0.438 edge_energy_ratio=0.000
  target=1.089s selected=1.089s idx=509 raw_idx=509 direct_inverted=0 strict_reliable=0 admissible_direct=0 gray_zone=0 rejected_direct=0 hybrid_support=0 hybrid_fallback_requested=1 final_shape_reliable=1 fallback=1 hybrid_alpha=0.000 final_alpha=0.000 peak_metric_ms=0.000 wavelet_energy_norm=0.681 side_lobe_ratio=0.438 edge_energy_ratio=0.000
  target=1.343s selected=1.394s idx=814 raw_idx=763 direct_inverted=0 strict_reliable=0 admissible_direct=0 gray_zone=0 rejected_direct=0 hybrid_support=1 hybrid_fallback_requested=0 final_shape_reliable=1 fallback=0 hybrid_alpha=1.000 final_alpha=1.000 peak_metric_ms=-1.000 wavelet_energy_norm=0.948 side_lobe_ratio=0.749 edge_energy_ratio=0.128
  target=1.598s selected=1.598s idx=1018 raw_idx=1018 direct_inverted=0 strict_reliable=0 admissible_direct=0 gray_zone=0 rejected_direct=0 hybrid_support=1 hybrid_fallback_requested=0 final_shape_reliable=1 fallback=0 hybrid_alpha=1.000 final_alpha=1.000 peak_metric_ms=-1.000 wavelet_energy_norm=0.666 side_lobe_ratio=0.613 edge_energy_ratio=0.092
  target=1.852s selected=1.852s idx=1272 raw_idx=1272 direct_inverted=0 strict_reliable=0 admissible_direct=0 gray_zone=0 rejected_direct=0 hybrid_support=0 hybrid_fallback_requested=1 final_shape_reliable=1 fallback=1 hybrid_alpha=0.000 final_alpha=0.000 peak_metric_ms=0.000 wavelet_energy_norm=0.681 side_lobe_ratio=0.438 edge_energy_ratio=0.000
  target=2.107s selected=2.107s idx=1527 raw_idx=1527 direct_inverted=0 strict_reliable=0 admissible_direct=0 gray_zone=0 rejected_direct=0 hybrid_support=1 hybrid_fallback_requested=0 final_shape_reliable=1 fallback=0 hybrid_alpha=0.833 final_alpha=0.833 peak_metric_ms=0.000 wavelet_energy_norm=0.695 side_lobe_ratio=0.570 edge_energy_ratio=0.051
  target=2.361s selected=2.361s idx=1781 raw_idx=1781 direct_inverted=0 strict_reliable=0 admissible_direct=0 gray_zone=0 rejected_direct=0 hybrid_support=1 hybrid_fallback_requested=0 final_shape_reliable=1 fallback=0 hybrid_alpha=1.000 final_alpha=1.000 peak_metric_ms=0.000 wavelet_energy_norm=0.899 side_lobe_ratio=0.540 edge_energy_ratio=0.034
  target=2.616s selected=2.616s idx=2036 raw_idx=2036 direct_inverted=0 strict_reliable=0 admissible_direct=0 gray_zone=0 rejected_direct=0 hybrid_support=1 hybrid_fallback_requested=0 final_shape_reliable=1 fallback=0 hybrid_alpha=1.000 final_alpha=1.000 peak_metric_ms=-1.000 wavelet_energy_norm=0.973 side_lobe_ratio=0.700 edge_energy_ratio=0.016
  target=2.870s selected=2.870s idx=2290 raw_idx=2290 direct_inverted=0 strict_reliable=0 admissible_direct=0 gray_zone=0 rejected_direct=0 hybrid_support=0 hybrid_fallback_requested=1 final_shape_reliable=1 fallback=1 hybrid_alpha=0.000 final_alpha=0.000 peak_metric_ms=0.000 wavelet_energy_norm=0.681 side_lobe_ratio=0.438 edge_energy_ratio=0.000

[Final]
  CC_initial_ricker_before_DTW: 0.1036507646943142
  CC_stationary: 0.1571262285067304
  CC_after_DTW: 0.15540264622905386
  CC_prior_after_DTW: 0.1571262285067304
  CC_tv_direct: 0.2884670423232409
  W_pass: True
  q_pass: False
  CC_Q: None
  Q_global: None
  CC_final: 0.2884670423232409
  final_model_type: W_est_best_no_Q
  best_lag_ms: 0.0
  peak_metric_p10: -1.0000000000000009
  peak_metric_med: 0.0
  peak_metric_p90: 0.0
  peak_abs_p90: 1.0000000000000009
  valid_ratio: 0.6481481481481481
  use_negative_W: False
  acceptance_reasons: []
  q_reason: q_disabled
  raw_tv_peak_metric_p10: -2.0000000000000018
  raw_tv_peak_metric_med: -1.0000000000000009
  raw_tv_peak_metric_p90: 64.00000000000006
  hybrid_direct_reliable_ratio_scope: strict_reliable_samples_over_all_time_samples
  hybrid_valid_direct_count: 70
  hybrid_strict_reliable_direct_count: 42
  hybrid_admissible_direct_count: 62
  hybrid_gray_zone_direct_count: 20
  hybrid_rejected_direct_count: 8
  hybrid_strict_reliable_center_ratio: 0.6
  hybrid_admissible_direct_center_ratio: 0.8857142857142857
  hybrid_gray_zone_center_ratio: 0.2857142857142857
  hybrid_rejected_direct_center_ratio: 0.11428571428571428
  hybrid_strict_reliable_sample_ratio: 0.016496465043205028
  hybrid_admissible_direct_sample_ratio: 0.024351924587588374
  hybrid_gray_zone_sample_ratio: 0.007855459544383346
  hybrid_rejected_direct_sample_ratio: 0.003142183817753339
  raw_tv_W_pass: False
  raw_tv_CC_direct: 0.43559196670018047
  raw_tv_best_lag_ms: -1.0000000000000009
  raw_tv_peak_abs_p90: 64.00000000000006
  raw_tv_acceptance_reasons: ['center_peak_p90_shift_too_large', 'center_peak_violation_ratio_too_large']
  hybrid_tv_W_pass: True
  hybrid_tv_acceptance_reasons: []
  hybrid_tv_CC_direct: 0.2884670423232409
  hybrid_tv_env_cc: 0.017357580134370942
  hybrid_tv_best_lag_ms: 0.0
  hybrid_tv_peak_p10_ms: -1.0000000000000009
  hybrid_tv_peak_median_ms: 0.0
  hybrid_tv_peak_p90_ms: 0.0
  hybrid_tv_peak_abs_p90_ms: 1.0000000000000009
  hybrid_tv_peak_violation_ratio: 0.0
  hybrid_short_gap_limit_ms: 60.0
  hybrid_direct_reliable_ratio: 0.016496465043205028
  hybrid_short_gap_ratio: 0.4556166535742341
  hybrid_hard_prior_ratio: 0.5200314218381775
  hybrid_blend_ratio: 0.09426551453260015
  hybrid_tv_support_ratio: 0.4799685781618225
  hybrid_candidate_scope: local_repair_before_global_acceptance
  residual_median_p90: 0.046161622042751566
  residual_median_med: -0.001407080607682954
  tv_loss_type: student_t
  tv_student_nu: 10.0
  tv_robust_fallback: l2
  tv_irls_max_iter: 12
  tv_irls_tol: 0.0003
  edge_penalty_enabled: True
  mu_edge_configured: 1.0
  mu_edge_effective: 1.0
  edge_penalty_fraction: 0.12
  edge_penalty_taper: cosine
  student_objective_includes_edge: True
  stationary_candidate_accepted: False
  stationary_candidate_peak_ms: nan
  stationary_rejection_code: not_attempted_constant_phase_policy
  stationary_rejection_reason: after-DTW prior 使用 statistical constant-phase policy，未运行 free-form stationary LS candidate。
  stationary_prior_source: statistical_constant_phase_prior_after_DTW
  prior_source: statistical_constant_phase_prior_after_DTW
  CC_selected_prior_after_DTW: 0.1571262285067304
  stationary_prior_method_configured: constant_phase
  constant_phase_candidate_accepted: True
  constant_phase_deg: -3.0
  constant_phase_spectral_peak_hz: 27.999999999999975
  constant_phase_band_low_hz: 4.999999999999996
  constant_phase_band_high_hz: 61.99999999999994
  constant_phase_candidate_cc: 0.1571262285067304
  constant_phase_ricker_cc: 0.15540264622905386
  constant_phase_rejection_reason: 
  CC_stationary_raw: nan
  CC_stationary_raw_env: nan
  CC_stationary_raw_scope: unlocked_candidate_before_ricker_fallback
  CC_prior_after_DTW_scope: selected_prior_after_DTW
  candidate_valid_ratio: 0.6481481481481481
  candidate_best_lag_ms: -1.0000000000000009
  candidate_peak_metric_p10: -2.0000000000000018
  candidate_peak_metric_med: -1.0000000000000009
  candidate_peak_metric_p90: 64.00000000000006
  candidate_peak_abs_p90: 64.00000000000006
  local_fallback_enabled: True
  local_fallback_ratio: 0.5294273279830994
  local_fallback_hard_ratio: 0.5200314218381775
  local_fallback_effective_ratio: 0.5294273279830994
  fallback_by_shape_ratio: 0.35074626865671643
  candidate_shape_fallback_request_ratio: 0.35074626865671643
  candidate_shape_fallback_raw_ratio: 0.35074626865671643
  candidate_reliable_ratio: 0.016496465043205028
  candidate_reliable_scope: direct_inversion_and_peak_energy_shape_qc
  final_reliable_ratio: 0.8617439120188531
  final_reliable_scope: shape_peak_energy_only; does_not_mean_direct_inversion
  side_lobe_p90: 1.2534308605260647
  edge_energy_p90: 0.23037026458638868
  candidate_side_lobe_p50: 0.7526155861772735
  candidate_side_lobe_p90: 1.2534308605260647
  candidate_side_lobe_max: 1.2534308605260647
  candidate_edge_energy_p50: 0.11501963400726317
  candidate_edge_energy_p90: 0.23037026458638868
  candidate_edge_energy_max: 0.23037026458638868
  final_side_lobe_p50: 0.4379574936754552
  final_side_lobe_p90: 0.7999591761312463
  final_side_lobe_max: 0.8837829353922153
  final_edge_energy_p50: 0.00041701885192026
  final_edge_energy_p90: 0.127256226330207
  final_edge_energy_max: 0.1815239182904124
  candidate_boundary_peak_fraction: 0.19677926158680284
  final_boundary_peak_fraction: 0.0
  boundary_peak_fraction_parameter: 0.12
  candidate_peak_violation_ratio: 0.3208955223880597
  candidate_center_step_ms: 20.000000000000018
  longest_candidate_invalid_gap_ms: 399.9999999999999
  longest_candidate_unreliable_gap_ms: 640.0
  candidate_temporal_difference_energy: 7.249805132598277e-05
  final_temporal_difference_energy: 0.0036402412459995304
  irls_iterations_median: 3.0
  irls_iterations_max: 5
  candidate_origin_scope: pre_gaussian_fill_lineage
  candidate_origin_codes: {'direct_inverted_center': 0, 'linear_interpolated': 1, 'endpoint_extrapolated': 2, 'prior_fill_when_no_valid_center': 3, 'unavailable': 5}
  final_wavelet_source_scope: final_model_and_local_fallback_mix
  final_wavelet_source_codes: {'tv_candidate': 0, 'q_constrained_candidate': 1, 'stationary_prior': 2, 'local_fallback_prior': 3, 'local_fallback_blend': 4}
  local_fallback_peak_limit_ms: 15.0
  local_fallback_energy_min: 0.15
  local_fallback_pad_ms: 0.0
  local_fallback_alpha_smooth_samples: 15.0
  local_fallback_use_shape_qc: True
  local_fallback_side_lobe_limit_reliable: 0.75
  local_fallback_side_lobe_limit_fallback: 0.95
  local_fallback_side_lobe_guard_ms: 12.0
  local_fallback_edge_energy_limit_reliable: 0.15
  local_fallback_edge_energy_limit_fallback: 0.3
  local_fallback_edge_fraction: 0.15
  CC_final_direct: 0.2884670423232409
  CC_final_similarity: 0.19357873055632474
  CC_final_maxlag: 0.2884670423217651
  CC_final_env: 0.017357580134370942
  CC_final_best_lag_ms: 0.0
  CC_final_lag_penalty: 0.0
  CC_final_before_local_fallback_direct: 0.43559196670018047
  CC_final_before_local_fallback_similarity: 0.28133516380206935
  CC_final_before_local_fallback_maxlag: 0.43733168033943576
  CC_final_before_local_fallback_env: 0.027838694129600224
  CC_final_before_local_fallback_best_lag_ms: -1.0000000000000009
  CC_final_similarity_delta_local_fallback: -0.08775643324574461
  CC_final_direct_delta_local_fallback: -0.14712492437693958
  final_peak_metric_p10_before_local_fallback: -2.0000000000000018
  final_peak_metric_med_before_local_fallback: -1.0000000000000009
  final_peak_metric_p90_before_local_fallback: 64.00000000000006
  final_peak_abs_p90_before_local_fallback: 64.00000000000006
  final_peak_metric_p10_after_local_fallback: -1.0000000000000009
  final_peak_metric_med_after_local_fallback: 0.0
  final_peak_metric_p90_after_local_fallback: 0.0
  final_peak_abs_p90_after_local_fallback: 1.0000000000000009
  final_wavelet_energy_l2_median_before_local_fallback: 4.040079751601844
  final_wavelet_energy_l2_median_after_local_fallback: 3.3143580857549155
  final_centroid_frequency_hz_median_before_local_fallback: 27.12767173322988
  final_centroid_frequency_hz_median_after_local_fallback: 28.282293174587643
  W_pass_scope: preacceptance_hybrid_candidate
  CC_tv_direct_scope: preacceptance_hybrid_candidate
  valid_ratio_scope: raw_tv_direct_inversion_centers
  acceptance_reasons_scope: preacceptance_hybrid_candidate
  peak_metric_scope: preacceptance_hybrid_candidate
  best_lag_scope: preacceptance_hybrid_candidate
  hybrid_acceptance_evaluated: True
  hybrid_acceptance_passed: True
  hybrid_acceptance_reasons: []
  hybrid_acceptance_scope: decisive_preacceptance_hybrid_gate
  post_local_fallback_acceptance_evaluated: True
  post_local_fallback_acceptance_passed: True
  post_local_fallback_acceptance_reasons: []
  post_local_fallback_acceptance_scope: legacy_alias_of_decisive_preacceptance_hybrid_gate
  CC_final_ricker_similarity: 0.0017388165135371267
  CC_final_ricker_maxlag: 0.09949674980679894
  CC_final_ricker_env: -0.03153547044942684
  CC_final_ricker_scope: 35hz_initial_reflectivity
  ricker_qc_frequency_hz: 35.0
  ricker_qc_wavelet_length_pts: 129
  CC_ricker_35hz_initial_reflectivity_direct: 0.08053018777090891
  CC_ricker_35hz_initial_reflectivity_similarity: 0.0017388165135371267
  CC_ricker_35hz_initial_reflectivity_maxlag: 0.09949674980679894
  CC_ricker_35hz_initial_reflectivity_env: -0.03153547044942684
  CC_ricker_35hz_initial_reflectivity_best_lag_ms: -4.0000000000000036
  CC_ricker_35hz_after_dtw_reflectivity_direct: 0.1348382639136047
  CC_ricker_35hz_after_dtw_reflectivity_similarity: 0.06629075846590803
  CC_ricker_35hz_after_dtw_reflectivity_maxlag: 0.13483826391115256
  CC_ricker_35hz_after_dtw_reflectivity_env: -0.06101175164738958
  CC_ricker_35hz_after_dtw_reflectivity_best_lag_ms: 0.0
[Matrix] running configs\ablation\A05_no_time.yaml
============================================================
Real-data experiment (CB805): cb805_ablation_A05_no_time
alignment = center
result_dir = _experiment_results/ablation/A05_no_time
============================================================
  [Ricker prior] use fixed center Ricker before DTW
  [Ricker prior] f_dom = 28.32 Hz
  [Ricker prior] wavelet_length_pts = 129
  [Ricker prior] CC = 0.103651
[Initial prior] source = center_ricker_for_DTW
[Initial prior] CC = 0.103651
  [DTW-iter] phased candidate DTW begins
  [DTW-envelope] window = 18 samples
  [DTW-envelope] alpha candidates = [0.0, 0.01, 0.05, 0.1, 0.15]
  [DTW-envelope] best alpha/sign = 0.150 / -1
  [DTW-envelope] shift range = -2.39 ~ 2.54 ms
  [DTW-envelope] CC before/after = 0.1037 / 0.1191
  [DTW-envelope] Env before/after = -0.0358 / -0.0530
  [DTW-envelope] maxlag after = 0.1234, lag = -2.0 ms
  [DTW-envelope] TWT max change = 2.54 ms
  [DTW-envelope] accept = True
  [DTW-envelope] window = 18 samples
  [DTW-envelope] alpha candidates = [0.0, 0.01, 0.05, 0.1, 0.15]
  [DTW-envelope] best alpha/sign = 0.150 / -1
  [DTW-envelope] shift range = -2.40 ~ 2.54 ms
  [DTW-envelope] CC before/after = 0.1191 / 0.1277
  [DTW-envelope] Env before/after = -0.0530 / -0.0688
  [DTW-envelope] maxlag after = 0.1277, lag = 0.0 ms
  [DTW-envelope] TWT max change = 2.54 ms
  [DTW-envelope] accept = True
  [DTW-iter] phase envelope: accepted 2/2
  [DTW-waveform] window = 16 samples
  [DTW-waveform] alpha candidates = [0.0, 0.01, 0.03, 0.06, 0.1]
  [DTW-waveform] best alpha/sign = 0.100 / +1
  [DTW-waveform] shift range = -1.30 ~ 0.77 ms
  [DTW-waveform] CC before/after = 0.1277 / 0.1385
  [DTW-waveform] Env before/after = -0.0688 / -0.0667
  [DTW-waveform] maxlag after = 0.1385, lag = 0.0 ms
  [DTW-waveform] TWT max change = 0.93 ms
  [DTW-waveform] accept = True
  [DTW-waveform] window = 16 samples
  [DTW-waveform] alpha candidates = [0.0, 0.01, 0.03, 0.06, 0.1]
  [DTW-waveform] best alpha/sign = 0.100 / +1
  [DTW-waveform] shift range = -1.30 ~ 0.71 ms
  [DTW-waveform] CC before/after = 0.1385 / 0.1485
  [DTW-waveform] Env before/after = -0.0667 / -0.0649
  [DTW-waveform] maxlag after = 0.1487, lag = -1.0 ms
  [DTW-waveform] TWT max change = 0.86 ms
  [DTW-waveform] accept = True
  [DTW-iter] phase waveform: accepted 2/2
  [DTW-iter] keep fixed initial wavelet before fine DTW
  [DTW-fine] window = 9 samples
  [DTW-fine] alpha candidates = [0.0, 0.01, 0.02, 0.04, 0.06]
  [DTW-fine] best alpha/sign = 0.060 / +1
  [DTW-fine] shift range = -0.48 ~ 0.30 ms
  [DTW-fine] CC before/after = 0.1485 / 0.1554
  [DTW-fine] Env before/after = -0.0649 / -0.0648
  [DTW-fine] maxlag after = 0.1555, lag = -1.0 ms
  [DTW-fine] TWT max change = 0.30 ms
  [DTW-fine] accept = True
  [DTW-iter] phase fine: accepted 1/1
  [Constant-phase prior] statistical amplitude spectrum + constant phase search
  [Constant-phase prior] spectral peak = 28.00 Hz
  [Constant-phase prior] auto band = 5.00 - 62.00 Hz
  [Constant-phase prior] phase = -3.0 deg, peak = +0.0 ms
  [Constant-phase prior] CC = 0.157126, Ricker CC = 0.155403
[DTW] CC = 0.155403
[After-DTW prior] source = statistical_constant_phase_prior_after_DTW
[After-DTW prior] CC = 0.157126

--- Step 2: 固定 r_work_final，反演时变子波 ---
========== Robust time-varying wavelet inversion ==========
  N_time                = 2546
  dt                    = 0.001000 s
  wavelet_length        = 129
  data_window_length    = 387
  estimate_step_samples = 20
  estimate_step_ms      = 20.00 ms
  mu1                   = 0.2
  mu2                   = 6.0
  mu_dc                 = 15.0
  mu_prior              = 1.0
  mu_time               = 0.0
  mu_edge               = 1.0
  edge_fraction         = 0.12
  edge_taper            = cosine
  energy_threshold      = 1.162267e-02
  damping_ratio         = 0.0
  svd_cutoff_ratio      = 0.001
  min_effective_rank    = 16
  max_peak_shift        = 15 samples
  time_smooth_sigma     = 30.00 samples
  wavelet_smooth_sigma  = 4.00 samples
  has_wavelet_prior     = True
  loss_type             = student_t
  student_nu            = 10.0
  irls_max_iter         = 12
  irls_tol              = 0.0003
  robust_scale_floor    = 1.953573e-02
  robust_weight_floor   = 0.001
  min_effective_ratio   = 0.3
  outlier_weight_thresh = 0.5
  store_weight_map      = True
  attempted windows      = 108
  valid inverted centers = 67 / 108
  skipped low energy     = 21
  skipped ill-cond       = 0
  skipped NaN/Inf        = 0
  skipped peak shift     = 20
  skipped amp jump       = 0
  robust attempted       = 87
  irls_step_converged    = 87
  robust solution used   = 87
  post_qc_valid (robust) = 67
  robust fallback to L2  = 0
  median robust sigma    = 3.184417e-01
  median weight mean     = 0.9167
  median effective ratio = 0.9880
  median qc_dc_ratio     = 1.687e-17
  median centroid_freq   = 26.84 Hz
============================================================
  wavelet_alignment     = center

--- Step 3: W_est 直接合成与质量验收 ---
  use_negative_W      = False
  CC_stationary       = 0.1571
  CC_after_DTW        = 0.1554
  CC_tv_direct        = 0.4500
  CC gain vs DTW      = +0.2946
  CC gain vs stat     = +0.2928
  Maxlag CC           = 0.4506, lag=-1.0 ms
  Envelope CC         = 0.0291, gain vs stat=+0.0822
  Peak metric p10/med/p90 = -2.00 / 0.00 / 64.00 ms
  wavelet_alignment   = center
  valid_ratio         = 0.6203703703703703
  numerical_pass      = True
  physical_pass       = False
  W_est pass gate     = False
[Pre-acceptance hybrid] enabled = True
[Pre-acceptance hybrid] short gap limit = 60.0 ms
[Pre-acceptance hybrid] strict reliable sample ratio = 0.016
[Pre-acceptance hybrid] valid direct centers = 67
[Pre-acceptance hybrid] strict reliable centers = 42 (0.627)
[Pre-acceptance hybrid] gray admissible centers = 18 (0.269)
[Pre-acceptance hybrid] total admissible centers = 60 (0.896)
[Pre-acceptance hybrid] rejected direct centers = 7 (0.104)
[Pre-acceptance hybrid] TV support sample ratio = 0.472
[Pre-acceptance hybrid] short gap ratio = 0.449
[Pre-acceptance hybrid] hard prior ratio = 0.528
[Pre-acceptance hybrid] blend ratio = 0.094
[Pre-acceptance hybrid] raw CC = 0.449957
[Pre-acceptance hybrid] hybrid CC = 0.279837
[Pre-acceptance hybrid] raw pass = False
[Pre-acceptance hybrid] hybrid pass = True
[Pre-acceptance hybrid] reasons = []
[Local fallback] enabled = True
[Local fallback] hard_ratio      = 0.528
[Local fallback] effective_ratio = 0.537
[Candidate QC] reliable_ratio  = 0.016
[Candidate QC] shape_bad_ratio = 0.358
[Local fallback] shape_ratio     = 0.358
[Pre-acceptance hybrid] decisive acceptance pass = True; reasons = []
>>> NEW plot_pure_ricker_vs_obs_vs_tv_wiggle <<<
[Selected-time QC] fig10
  target=0.835s selected=0.835s idx=255 raw_idx=255 direct_inverted=0 strict_reliable=0 admissible_direct=0 gray_zone=0 rejected_direct=0 hybrid_support=0 hybrid_fallback_requested=1 final_shape_reliable=1 fallback=1 hybrid_alpha=0.000 final_alpha=0.000 peak_metric_ms=0.000 wavelet_energy_norm=0.642 side_lobe_ratio=0.438 edge_energy_ratio=0.000
  target=1.513s selected=1.513s idx=933 raw_idx=933 direct_inverted=1 strict_reliable=1 admissible_direct=1 gray_zone=0 rejected_direct=0 hybrid_support=1 hybrid_fallback_requested=0 final_shape_reliable=1 fallback=0 hybrid_alpha=1.000 final_alpha=1.000 peak_metric_ms=-1.000 wavelet_energy_norm=0.574 side_lobe_ratio=0.575 edge_energy_ratio=0.112
  target=2.192s selected=2.192s idx=1612 raw_idx=1612 direct_inverted=0 strict_reliable=0 admissible_direct=0 gray_zone=0 rejected_direct=0 hybrid_support=1 hybrid_fallback_requested=0 final_shape_reliable=1 fallback=0 hybrid_alpha=1.000 final_alpha=1.000 peak_metric_ms=0.000 wavelet_energy_norm=0.928 side_lobe_ratio=0.568 edge_energy_ratio=0.066
  target=2.870s selected=2.870s idx=2290 raw_idx=2290 direct_inverted=0 strict_reliable=0 admissible_direct=0 gray_zone=0 rejected_direct=0 hybrid_support=0 hybrid_fallback_requested=1 final_shape_reliable=1 fallback=1 hybrid_alpha=0.000 final_alpha=0.000 peak_metric_ms=0.000 wavelet_energy_norm=0.642 side_lobe_ratio=0.438 edge_energy_ratio=0.000
[Selected-time QC] fig11
  target=0.835s selected=0.835s idx=255 raw_idx=255 direct_inverted=0 strict_reliable=0 admissible_direct=0 gray_zone=0 rejected_direct=0 hybrid_support=0 hybrid_fallback_requested=1 final_shape_reliable=1 fallback=1 hybrid_alpha=0.000 final_alpha=0.000 peak_metric_ms=0.000 wavelet_energy_norm=0.642 side_lobe_ratio=0.438 edge_energy_ratio=0.000
  target=1.089s selected=1.089s idx=509 raw_idx=509 direct_inverted=0 strict_reliable=0 admissible_direct=0 gray_zone=0 rejected_direct=0 hybrid_support=1 hybrid_fallback_requested=0 final_shape_reliable=0 fallback=0 hybrid_alpha=0.864 final_alpha=0.864 peak_metric_ms=-1.000 wavelet_energy_norm=0.764 side_lobe_ratio=0.810 edge_energy_ratio=0.157
  target=1.343s selected=1.343s idx=763 raw_idx=763 direct_inverted=0 strict_reliable=0 admissible_direct=0 gray_zone=0 rejected_direct=0 hybrid_support=1 hybrid_fallback_requested=0 final_shape_reliable=1 fallback=0 hybrid_alpha=1.000 final_alpha=1.000 peak_metric_ms=-1.000 wavelet_energy_norm=0.935 side_lobe_ratio=0.724 edge_energy_ratio=0.136
  target=1.598s selected=1.598s idx=1018 raw_idx=1018 direct_inverted=0 strict_reliable=0 admissible_direct=0 gray_zone=0 rejected_direct=0 hybrid_support=1 hybrid_fallback_requested=0 final_shape_reliable=1 fallback=0 hybrid_alpha=1.000 final_alpha=1.000 peak_metric_ms=-1.000 wavelet_energy_norm=0.593 side_lobe_ratio=0.532 edge_energy_ratio=0.101
  target=1.852s selected=1.852s idx=1272 raw_idx=1272 direct_inverted=0 strict_reliable=0 admissible_direct=0 gray_zone=0 rejected_direct=0 hybrid_support=0 hybrid_fallback_requested=1 final_shape_reliable=1 fallback=1 hybrid_alpha=0.000 final_alpha=0.000 peak_metric_ms=0.000 wavelet_energy_norm=0.642 side_lobe_ratio=0.438 edge_energy_ratio=0.000
  target=2.107s selected=2.107s idx=1527 raw_idx=1527 direct_inverted=0 strict_reliable=0 admissible_direct=0 gray_zone=0 rejected_direct=0 hybrid_support=1 hybrid_fallback_requested=0 final_shape_reliable=1 fallback=0 hybrid_alpha=0.833 final_alpha=0.833 peak_metric_ms=0.000 wavelet_energy_norm=0.840 side_lobe_ratio=0.605 edge_energy_ratio=0.037
  target=2.361s selected=2.361s idx=1781 raw_idx=1781 direct_inverted=0 strict_reliable=0 admissible_direct=0 gray_zone=0 rejected_direct=0 hybrid_support=1 hybrid_fallback_requested=0 final_shape_reliable=1 fallback=0 hybrid_alpha=1.000 final_alpha=1.000 peak_metric_ms=0.000 wavelet_energy_norm=0.879 side_lobe_ratio=0.617 edge_energy_ratio=0.015
  target=2.616s selected=2.582s idx=2002 raw_idx=2036 direct_inverted=0 strict_reliable=0 admissible_direct=0 gray_zone=0 rejected_direct=0 hybrid_support=1 hybrid_fallback_requested=0 final_shape_reliable=1 fallback=0 hybrid_alpha=1.000 final_alpha=1.000 peak_metric_ms=-1.000 wavelet_energy_norm=0.999 side_lobe_ratio=0.750 edge_energy_ratio=0.011
  target=2.870s selected=2.870s idx=2290 raw_idx=2290 direct_inverted=0 strict_reliable=0 admissible_direct=0 gray_zone=0 rejected_direct=0 hybrid_support=0 hybrid_fallback_requested=1 final_shape_reliable=1 fallback=1 hybrid_alpha=0.000 final_alpha=0.000 peak_metric_ms=0.000 wavelet_energy_norm=0.642 side_lobe_ratio=0.438 edge_energy_ratio=0.000

[Final]
  CC_initial_ricker_before_DTW: 0.1036507646943142
  CC_stationary: 0.1571262285067304
  CC_after_DTW: 0.15540264622905386
  CC_prior_after_DTW: 0.1571262285067304
  CC_tv_direct: 0.27983678318693256
  W_pass: True
  q_pass: False
  CC_Q: None
  Q_global: None
  CC_final: 0.27983678318693256
  final_model_type: W_est_best_no_Q
  best_lag_ms: 0.0
  peak_metric_p10: -1.0000000000000009
  peak_metric_med: 0.0
  peak_metric_p90: 0.0
  peak_abs_p90: 1.0000000000000009
  valid_ratio: 0.6203703703703703
  use_negative_W: False
  acceptance_reasons: []
  q_reason: q_disabled
  raw_tv_peak_metric_p10: -2.0000000000000018
  raw_tv_peak_metric_med: 0.0
  raw_tv_peak_metric_p90: 64.00000000000006
  hybrid_direct_reliable_ratio_scope: strict_reliable_samples_over_all_time_samples
  hybrid_valid_direct_count: 67
  hybrid_strict_reliable_direct_count: 42
  hybrid_admissible_direct_count: 60
  hybrid_gray_zone_direct_count: 18
  hybrid_rejected_direct_count: 7
  hybrid_strict_reliable_center_ratio: 0.6268656716417911
  hybrid_admissible_direct_center_ratio: 0.8955223880597015
  hybrid_gray_zone_center_ratio: 0.26865671641791045
  hybrid_rejected_direct_center_ratio: 0.1044776119402985
  hybrid_strict_reliable_sample_ratio: 0.016496465043205028
  hybrid_admissible_direct_sample_ratio: 0.02356637863315004
  hybrid_gray_zone_sample_ratio: 0.007069913589945012
  hybrid_rejected_direct_sample_ratio: 0.0027494108405341712
  raw_tv_W_pass: False
  raw_tv_CC_direct: 0.44995684836748595
  raw_tv_best_lag_ms: -1.0000000000000009
  raw_tv_peak_abs_p90: 64.00000000000006
  raw_tv_acceptance_reasons: ['center_peak_p90_shift_too_large', 'center_peak_violation_ratio_too_large']
  hybrid_tv_W_pass: True
  hybrid_tv_acceptance_reasons: []
  hybrid_tv_CC_direct: 0.27983678318693256
  hybrid_tv_env_cc: 0.0058069817738319734
  hybrid_tv_best_lag_ms: 0.0
  hybrid_tv_peak_p10_ms: -1.0000000000000009
  hybrid_tv_peak_median_ms: 0.0
  hybrid_tv_peak_p90_ms: 0.0
  hybrid_tv_peak_abs_p90_ms: 1.0000000000000009
  hybrid_tv_peak_violation_ratio: 0.0
  hybrid_short_gap_limit_ms: 60.0
  hybrid_direct_reliable_ratio: 0.016496465043205028
  hybrid_short_gap_ratio: 0.44854673998428907
  hybrid_hard_prior_ratio: 0.5278868813825609
  hybrid_blend_ratio: 0.09426551453260015
  hybrid_tv_support_ratio: 0.4721131186174391
  hybrid_candidate_scope: local_repair_before_global_acceptance
  residual_median_p90: 0.0504779230319125
  residual_median_med: -0.005679774463774931
  tv_loss_type: student_t
  tv_student_nu: 10.0
  tv_robust_fallback: l2
  tv_irls_max_iter: 12
  tv_irls_tol: 0.0003
  edge_penalty_enabled: True
  mu_edge_configured: 1.0
  mu_edge_effective: 1.0
  edge_penalty_fraction: 0.12
  edge_penalty_taper: cosine
  student_objective_includes_edge: True
  stationary_candidate_accepted: False
  stationary_candidate_peak_ms: nan
  stationary_rejection_code: not_attempted_constant_phase_policy
  stationary_rejection_reason: after-DTW prior 使用 statistical constant-phase policy，未运行 free-form stationary LS candidate。
  stationary_prior_source: statistical_constant_phase_prior_after_DTW
  prior_source: statistical_constant_phase_prior_after_DTW
  CC_selected_prior_after_DTW: 0.1571262285067304
  stationary_prior_method_configured: constant_phase
  constant_phase_candidate_accepted: True
  constant_phase_deg: -3.0
  constant_phase_spectral_peak_hz: 27.999999999999975
  constant_phase_band_low_hz: 4.999999999999996
  constant_phase_band_high_hz: 61.99999999999994
  constant_phase_candidate_cc: 0.1571262285067304
  constant_phase_ricker_cc: 0.15540264622905386
  constant_phase_rejection_reason: 
  CC_stationary_raw: nan
  CC_stationary_raw_env: nan
  CC_stationary_raw_scope: unlocked_candidate_before_ricker_fallback
  CC_prior_after_DTW_scope: selected_prior_after_DTW
  candidate_valid_ratio: 0.6203703703703703
  candidate_best_lag_ms: -1.0000000000000009
  candidate_peak_metric_p10: -2.0000000000000018
  candidate_peak_metric_med: 0.0
  candidate_peak_metric_p90: 64.00000000000006
  candidate_peak_abs_p90: 64.00000000000006
  local_fallback_enabled: True
  local_fallback_ratio: 0.5372827875274828
  local_fallback_hard_ratio: 0.5278868813825609
  local_fallback_effective_ratio: 0.5372827875274828
  fallback_by_shape_ratio: 0.3582089552238806
  candidate_shape_fallback_request_ratio: 0.3582089552238806
  candidate_shape_fallback_raw_ratio: 0.3582089552238806
  candidate_reliable_ratio: 0.016496465043205028
  candidate_reliable_scope: direct_inversion_and_peak_energy_shape_qc
  final_reliable_ratio: 0.8648860958366065
  final_reliable_scope: shape_peak_energy_only; does_not_mean_direct_inversion
  side_lobe_p90: 1.2865716750117595
  edge_energy_p90: 0.2326276543786027
  candidate_side_lobe_p50: 0.7631079594909498
  candidate_side_lobe_p90: 1.2865716750117595
  candidate_side_lobe_max: 1.2865716750117595
  candidate_edge_energy_p50: 0.11868508781007038
  candidate_edge_energy_p90: 0.2326276543786027
  candidate_edge_energy_max: 0.2326276543786027
  final_side_lobe_p50: 0.4379574936754552
  final_side_lobe_p90: 0.7971544672827975
  final_side_lobe_max: 0.8409627300743955
  final_edge_energy_p50: 0.00041701885192026
  final_edge_energy_p90: 0.1379240077056184
  final_edge_energy_max: 0.183774305928472
  candidate_boundary_peak_fraction: 0.19049489395129615
  final_boundary_peak_fraction: 0.0
  boundary_peak_fraction_parameter: 0.12
  candidate_peak_violation_ratio: 0.34092694422623726
  candidate_center_step_ms: 20.000000000000018
  longest_candidate_invalid_gap_ms: 399.9999999999999
  longest_candidate_unreliable_gap_ms: 559.9999999999999
  candidate_temporal_difference_energy: 0.0001632927261549969
  final_temporal_difference_energy: 0.0037851566932399503
  irls_iterations_median: 4.0
  irls_iterations_max: 5
  candidate_origin_scope: pre_gaussian_fill_lineage
  candidate_origin_codes: {'direct_inverted_center': 0, 'linear_interpolated': 1, 'endpoint_extrapolated': 2, 'prior_fill_when_no_valid_center': 3, 'unavailable': 5}
  final_wavelet_source_scope: final_model_and_local_fallback_mix
  final_wavelet_source_codes: {'tv_candidate': 0, 'q_constrained_candidate': 1, 'stationary_prior': 2, 'local_fallback_prior': 3, 'local_fallback_blend': 4}
  local_fallback_peak_limit_ms: 15.0
  local_fallback_energy_min: 0.15
  local_fallback_pad_ms: 0.0
  local_fallback_alpha_smooth_samples: 15.0
  local_fallback_use_shape_qc: True
  local_fallback_side_lobe_limit_reliable: 0.75
  local_fallback_side_lobe_limit_fallback: 0.95
  local_fallback_side_lobe_guard_ms: 12.0
  local_fallback_edge_energy_limit_reliable: 0.15
  local_fallback_edge_energy_limit_fallback: 0.3
  local_fallback_edge_fraction: 0.15
  CC_final_direct: 0.27983678318693256
  CC_final_similarity: 0.18392635269155996
  CC_final_maxlag: 0.2798367831855009
  CC_final_env: 0.0058069817738319734
  CC_final_best_lag_ms: 0.0
  CC_final_lag_penalty: 0.0
  CC_final_before_local_fallback_direct: 0.44995684836748595
  CC_final_before_local_fallback_similarity: 0.29053034743029404
  CC_final_before_local_fallback_maxlag: 0.45062453854883366
  CC_final_before_local_fallback_env: 0.0291176182619583
  CC_final_before_local_fallback_best_lag_ms: -1.0000000000000009
  CC_final_similarity_delta_local_fallback: -0.10660399473873408
  CC_final_direct_delta_local_fallback: -0.1701200651805534
  final_peak_metric_p10_before_local_fallback: -2.0000000000000018
  final_peak_metric_med_before_local_fallback: 0.0
  final_peak_metric_p90_before_local_fallback: 64.00000000000006
  final_peak_abs_p90_before_local_fallback: 64.00000000000006
  final_peak_metric_p10_after_local_fallback: -1.0000000000000009
  final_peak_metric_med_after_local_fallback: 0.0
  final_peak_metric_p90_after_local_fallback: 0.0
  final_peak_abs_p90_after_local_fallback: 1.0000000000000009
  final_wavelet_energy_l2_median_before_local_fallback: 4.476665103041492
  final_wavelet_energy_l2_median_after_local_fallback: 3.3143580857549155
  final_centroid_frequency_hz_median_before_local_fallback: 26.836236985474287
  final_centroid_frequency_hz_median_after_local_fallback: 28.282293174587643
  W_pass_scope: preacceptance_hybrid_candidate
  CC_tv_direct_scope: preacceptance_hybrid_candidate
  valid_ratio_scope: raw_tv_direct_inversion_centers
  acceptance_reasons_scope: preacceptance_hybrid_candidate
  peak_metric_scope: preacceptance_hybrid_candidate
  best_lag_scope: preacceptance_hybrid_candidate
  hybrid_acceptance_evaluated: True
  hybrid_acceptance_passed: True
  hybrid_acceptance_reasons: []
  hybrid_acceptance_scope: decisive_preacceptance_hybrid_gate
  post_local_fallback_acceptance_evaluated: True
  post_local_fallback_acceptance_passed: True
  post_local_fallback_acceptance_reasons: []
  post_local_fallback_acceptance_scope: legacy_alias_of_decisive_preacceptance_hybrid_gate
  CC_final_ricker_similarity: 0.0017388165135371267
  CC_final_ricker_maxlag: 0.09949674980679894
  CC_final_ricker_env: -0.03153547044942684
  CC_final_ricker_scope: 35hz_initial_reflectivity
  ricker_qc_frequency_hz: 35.0
  ricker_qc_wavelet_length_pts: 129
  CC_ricker_35hz_initial_reflectivity_direct: 0.08053018777090891
  CC_ricker_35hz_initial_reflectivity_similarity: 0.0017388165135371267
  CC_ricker_35hz_initial_reflectivity_maxlag: 0.09949674980679894
  CC_ricker_35hz_initial_reflectivity_env: -0.03153547044942684
  CC_ricker_35hz_initial_reflectivity_best_lag_ms: -4.0000000000000036
  CC_ricker_35hz_after_dtw_reflectivity_direct: 0.1348382639136047
  CC_ricker_35hz_after_dtw_reflectivity_similarity: 0.06629075846590803
  CC_ricker_35hz_after_dtw_reflectivity_maxlag: 0.13483826391115256
  CC_ricker_35hz_after_dtw_reflectivity_env: -0.06101175164738958
  CC_ricker_35hz_after_dtw_reflectivity_best_lag_ms: 0.0
[Matrix] running configs\ablation\A06_no_prior.yaml
============================================================
Real-data experiment (CB805): cb805_ablation_A06_no_prior
alignment = center
result_dir = _experiment_results/ablation/A06_no_prior
============================================================
  [Ricker prior] use fixed center Ricker before DTW
  [Ricker prior] f_dom = 28.32 Hz
  [Ricker prior] wavelet_length_pts = 129
  [Ricker prior] CC = 0.103651
[Initial prior] source = center_ricker_for_DTW
[Initial prior] CC = 0.103651
  [DTW-iter] phased candidate DTW begins
  [DTW-envelope] window = 18 samples
  [DTW-envelope] alpha candidates = [0.0, 0.01, 0.05, 0.1, 0.15]
  [DTW-envelope] best alpha/sign = 0.150 / -1
  [DTW-envelope] shift range = -2.39 ~ 2.54 ms
  [DTW-envelope] CC before/after = 0.1037 / 0.1191
  [DTW-envelope] Env before/after = -0.0358 / -0.0530
  [DTW-envelope] maxlag after = 0.1234, lag = -2.0 ms
  [DTW-envelope] TWT max change = 2.54 ms
  [DTW-envelope] accept = True
  [DTW-envelope] window = 18 samples
  [DTW-envelope] alpha candidates = [0.0, 0.01, 0.05, 0.1, 0.15]
  [DTW-envelope] best alpha/sign = 0.150 / -1
  [DTW-envelope] shift range = -2.40 ~ 2.54 ms
  [DTW-envelope] CC before/after = 0.1191 / 0.1277
  [DTW-envelope] Env before/after = -0.0530 / -0.0688
  [DTW-envelope] maxlag after = 0.1277, lag = 0.0 ms
  [DTW-envelope] TWT max change = 2.54 ms
  [DTW-envelope] accept = True
  [DTW-iter] phase envelope: accepted 2/2
  [DTW-waveform] window = 16 samples
  [DTW-waveform] alpha candidates = [0.0, 0.01, 0.03, 0.06, 0.1]
  [DTW-waveform] best alpha/sign = 0.100 / +1
  [DTW-waveform] shift range = -1.30 ~ 0.77 ms
  [DTW-waveform] CC before/after = 0.1277 / 0.1385
  [DTW-waveform] Env before/after = -0.0688 / -0.0667
  [DTW-waveform] maxlag after = 0.1385, lag = 0.0 ms
  [DTW-waveform] TWT max change = 0.93 ms
  [DTW-waveform] accept = True
  [DTW-waveform] window = 16 samples
  [DTW-waveform] alpha candidates = [0.0, 0.01, 0.03, 0.06, 0.1]
  [DTW-waveform] best alpha/sign = 0.100 / +1
  [DTW-waveform] shift range = -1.30 ~ 0.71 ms
  [DTW-waveform] CC before/after = 0.1385 / 0.1485
  [DTW-waveform] Env before/after = -0.0667 / -0.0649
  [DTW-waveform] maxlag after = 0.1487, lag = -1.0 ms
  [DTW-waveform] TWT max change = 0.86 ms
  [DTW-waveform] accept = True
  [DTW-iter] phase waveform: accepted 2/2
  [DTW-iter] keep fixed initial wavelet before fine DTW
  [DTW-fine] window = 9 samples
  [DTW-fine] alpha candidates = [0.0, 0.01, 0.02, 0.04, 0.06]
  [DTW-fine] best alpha/sign = 0.060 / +1
  [DTW-fine] shift range = -0.48 ~ 0.30 ms
  [DTW-fine] CC before/after = 0.1485 / 0.1554
  [DTW-fine] Env before/after = -0.0649 / -0.0648
  [DTW-fine] maxlag after = 0.1555, lag = -1.0 ms
  [DTW-fine] TWT max change = 0.30 ms
  [DTW-fine] accept = True
  [DTW-iter] phase fine: accepted 1/1
  [Constant-phase prior] statistical amplitude spectrum + constant phase search
  [Constant-phase prior] spectral peak = 28.00 Hz
  [Constant-phase prior] auto band = 5.00 - 62.00 Hz
  [Constant-phase prior] phase = -3.0 deg, peak = +0.0 ms
  [Constant-phase prior] CC = 0.157126, Ricker CC = 0.155403
[DTW] CC = 0.155403
[After-DTW prior] source = statistical_constant_phase_prior_after_DTW
[After-DTW prior] CC = 0.157126

--- Step 2: 固定 r_work_final，反演时变子波 ---
========== Robust time-varying wavelet inversion ==========
  N_time                = 2546
  dt                    = 0.001000 s
  wavelet_length        = 129
  data_window_length    = 387
  estimate_step_samples = 20
  estimate_step_ms      = 20.00 ms
  mu1                   = 0.2
  mu2                   = 6.0
  mu_dc                 = 15.0
  mu_prior              = 0.0
  mu_time               = 8.0
  mu_edge               = 1.0
  edge_fraction         = 0.12
  edge_taper            = cosine
  energy_threshold      = 1.162267e-02
  damping_ratio         = 0.0
  svd_cutoff_ratio      = 0.001
  min_effective_rank    = 16
  max_peak_shift        = 15 samples
  time_smooth_sigma     = 30.00 samples
  wavelet_smooth_sigma  = 4.00 samples
  has_wavelet_prior     = True
  loss_type             = student_t
  student_nu            = 10.0
  irls_max_iter         = 12
  irls_tol              = 0.0003
  robust_scale_floor    = 1.953573e-02
  robust_weight_floor   = 0.001
  min_effective_ratio   = 0.3
  outlier_weight_thresh = 0.5
  store_weight_map      = True
  attempted windows      = 108
  valid inverted centers = 65 / 108
  skipped low energy     = 21
  skipped ill-cond       = 0
  skipped NaN/Inf        = 0
  skipped peak shift     = 22
  skipped amp jump       = 0
  robust attempted       = 87
  irls_step_converged    = 87
  robust solution used   = 87
  post_qc_valid (robust) = 65
  robust fallback to L2  = 0
  median robust sigma    = 3.069432e-01
  median weight mean     = 0.9130
  median effective ratio = 0.9856
  median qc_dc_ratio     = 2.729e-17
  median centroid_freq   = 30.97 Hz
============================================================
  wavelet_alignment     = center

--- Step 3: W_est 直接合成与质量验收 ---
  use_negative_W      = False
  CC_stationary       = 0.1571
  CC_after_DTW        = 0.1554
  CC_tv_direct        = 0.4396
  CC gain vs DTW      = +0.2842
  CC gain vs stat     = +0.2825
  Maxlag CC           = 0.4457, lag=-1.0 ms
  Envelope CC         = 0.0534, gain vs stat=+0.1066
  Peak metric p10/med/p90 = -14.00 / -3.00 / 24.00 ms
  wavelet_alignment   = center
  valid_ratio         = 0.6018518518518519
  numerical_pass      = True
  physical_pass       = False
  W_est pass gate     = False
[Pre-acceptance hybrid] enabled = True
[Pre-acceptance hybrid] short gap limit = 60.0 ms
[Pre-acceptance hybrid] strict reliable sample ratio = 0.004
[Pre-acceptance hybrid] valid direct centers = 65
[Pre-acceptance hybrid] strict reliable centers = 11 (0.169)
[Pre-acceptance hybrid] gray admissible centers = 21 (0.323)
[Pre-acceptance hybrid] total admissible centers = 32 (0.492)
[Pre-acceptance hybrid] rejected direct centers = 33 (0.508)
[Pre-acceptance hybrid] TV support sample ratio = 0.244
[Pre-acceptance hybrid] short gap ratio = 0.232
[Pre-acceptance hybrid] hard prior ratio = 0.756
[Pre-acceptance hybrid] blend ratio = 0.071
[Pre-acceptance hybrid] raw CC = 0.439597
[Pre-acceptance hybrid] hybrid CC = 0.221599
[Pre-acceptance hybrid] raw pass = False
[Pre-acceptance hybrid] hybrid pass = True
[Pre-acceptance hybrid] reasons = []
[Local fallback] enabled = True
[Local fallback] hard_ratio      = 0.756
[Local fallback] effective_ratio = 0.765
[Candidate QC] reliable_ratio  = 0.004
[Candidate QC] shape_bad_ratio = 0.578
[Local fallback] shape_ratio     = 0.578
[Pre-acceptance hybrid] decisive acceptance pass = True; reasons = []
>>> NEW plot_pure_ricker_vs_obs_vs_tv_wiggle <<<
[Selected-time QC] fig10
  target=0.835s selected=0.835s idx=255 raw_idx=255 direct_inverted=0 strict_reliable=0 admissible_direct=0 gray_zone=0 rejected_direct=0 hybrid_support=0 hybrid_fallback_requested=1 final_shape_reliable=1 fallback=1 hybrid_alpha=0.000 final_alpha=0.000 peak_metric_ms=0.000 wavelet_energy_norm=0.435 side_lobe_ratio=0.438 edge_energy_ratio=0.000
  target=1.513s selected=1.513s idx=933 raw_idx=933 direct_inverted=1 strict_reliable=0 admissible_direct=0 gray_zone=0 rejected_direct=1 hybrid_support=0 hybrid_fallback_requested=1 final_shape_reliable=1 fallback=1 hybrid_alpha=0.000 final_alpha=0.000 peak_metric_ms=0.000 wavelet_energy_norm=0.435 side_lobe_ratio=0.438 edge_energy_ratio=0.000
  target=2.192s selected=2.192s idx=1612 raw_idx=1612 direct_inverted=0 strict_reliable=0 admissible_direct=0 gray_zone=0 rejected_direct=0 hybrid_support=1 hybrid_fallback_requested=0 final_shape_reliable=0 fallback=0 hybrid_alpha=0.996 final_alpha=0.996 peak_metric_ms=-2.000 wavelet_energy_norm=0.793 side_lobe_ratio=0.918 edge_energy_ratio=0.136
  target=2.870s selected=2.870s idx=2290 raw_idx=2290 direct_inverted=0 strict_reliable=0 admissible_direct=0 gray_zone=0 rejected_direct=0 hybrid_support=0 hybrid_fallback_requested=1 final_shape_reliable=1 fallback=1 hybrid_alpha=0.000 final_alpha=0.000 peak_metric_ms=0.000 wavelet_energy_norm=0.435 side_lobe_ratio=0.438 edge_energy_ratio=0.000
[Selected-time QC] fig11
  target=0.835s selected=0.835s idx=255 raw_idx=255 direct_inverted=0 strict_reliable=0 admissible_direct=0 gray_zone=0 rejected_direct=0 hybrid_support=0 hybrid_fallback_requested=1 final_shape_reliable=1 fallback=1 hybrid_alpha=0.000 final_alpha=0.000 peak_metric_ms=0.000 wavelet_energy_norm=0.435 side_lobe_ratio=0.438 edge_energy_ratio=0.000
  target=1.089s selected=1.089s idx=509 raw_idx=509 direct_inverted=0 strict_reliable=0 admissible_direct=0 gray_zone=0 rejected_direct=0 hybrid_support=0 hybrid_fallback_requested=1 final_shape_reliable=1 fallback=1 hybrid_alpha=0.000 final_alpha=0.000 peak_metric_ms=0.000 wavelet_energy_norm=0.435 side_lobe_ratio=0.438 edge_energy_ratio=0.000
  target=1.343s selected=1.343s idx=763 raw_idx=763 direct_inverted=0 strict_reliable=0 admissible_direct=0 gray_zone=0 rejected_direct=0 hybrid_support=0 hybrid_fallback_requested=1 final_shape_reliable=1 fallback=1 hybrid_alpha=0.000 final_alpha=0.000 peak_metric_ms=0.000 wavelet_energy_norm=0.435 side_lobe_ratio=0.438 edge_energy_ratio=0.000
  target=1.598s selected=1.598s idx=1018 raw_idx=1018 direct_inverted=0 strict_reliable=0 admissible_direct=0 gray_zone=0 rejected_direct=0 hybrid_support=0 hybrid_fallback_requested=1 final_shape_reliable=1 fallback=1 hybrid_alpha=0.000 final_alpha=0.000 peak_metric_ms=0.000 wavelet_energy_norm=0.435 side_lobe_ratio=0.438 edge_energy_ratio=0.000
  target=1.852s selected=1.852s idx=1272 raw_idx=1272 direct_inverted=0 strict_reliable=0 admissible_direct=0 gray_zone=0 rejected_direct=0 hybrid_support=0 hybrid_fallback_requested=1 final_shape_reliable=1 fallback=1 hybrid_alpha=0.000 final_alpha=0.000 peak_metric_ms=0.000 wavelet_energy_norm=0.435 side_lobe_ratio=0.438 edge_energy_ratio=0.000
  target=2.107s selected=2.107s idx=1527 raw_idx=1527 direct_inverted=0 strict_reliable=0 admissible_direct=0 gray_zone=0 rejected_direct=0 hybrid_support=0 hybrid_fallback_requested=1 final_shape_reliable=1 fallback=1 hybrid_alpha=0.000 final_alpha=0.000 peak_metric_ms=0.000 wavelet_energy_norm=0.435 side_lobe_ratio=0.438 edge_energy_ratio=0.000
  target=2.361s selected=2.361s idx=1781 raw_idx=1781 direct_inverted=0 strict_reliable=0 admissible_direct=0 gray_zone=0 rejected_direct=0 hybrid_support=1 hybrid_fallback_requested=0 final_shape_reliable=1 fallback=0 hybrid_alpha=1.000 final_alpha=1.000 peak_metric_ms=-1.000 wavelet_energy_norm=0.881 side_lobe_ratio=0.708 edge_energy_ratio=0.102
  target=2.616s selected=2.586s idx=2006 raw_idx=2036 direct_inverted=0 strict_reliable=0 admissible_direct=0 gray_zone=0 rejected_direct=0 hybrid_support=1 hybrid_fallback_requested=0 final_shape_reliable=1 fallback=0 hybrid_alpha=1.000 final_alpha=1.000 peak_metric_ms=-1.000 wavelet_energy_norm=1.000 side_lobe_ratio=0.748 edge_energy_ratio=0.030
  target=2.870s selected=2.870s idx=2290 raw_idx=2290 direct_inverted=0 strict_reliable=0 admissible_direct=0 gray_zone=0 rejected_direct=0 hybrid_support=0 hybrid_fallback_requested=1 final_shape_reliable=1 fallback=1 hybrid_alpha=0.000 final_alpha=0.000 peak_metric_ms=0.000 wavelet_energy_norm=0.435 side_lobe_ratio=0.438 edge_energy_ratio=0.000

[Final]
  CC_initial_ricker_before_DTW: 0.1036507646943142
  CC_stationary: 0.1571262285067304
  CC_after_DTW: 0.15540264622905386
  CC_prior_after_DTW: 0.1571262285067304
  CC_tv_direct: 0.22159872415945556
  W_pass: True
  q_pass: False
  CC_Q: None
  Q_global: None
  CC_final: 0.22159872415945556
  final_model_type: W_est_best_no_Q
  best_lag_ms: 0.0
  peak_metric_p10: -1.0000000000000009
  peak_metric_med: 0.0
  peak_metric_p90: 0.0
  peak_abs_p90: 1.0000000000000009
  valid_ratio: 0.6018518518518519
  use_negative_W: False
  acceptance_reasons: []
  q_reason: q_disabled
  raw_tv_peak_metric_p10: -14.000000000000012
  raw_tv_peak_metric_med: -3.0000000000000027
  raw_tv_peak_metric_p90: 24.00000000000002
  hybrid_direct_reliable_ratio_scope: strict_reliable_samples_over_all_time_samples
  hybrid_valid_direct_count: 65
  hybrid_strict_reliable_direct_count: 11
  hybrid_admissible_direct_count: 32
  hybrid_gray_zone_direct_count: 21
  hybrid_rejected_direct_count: 33
  hybrid_strict_reliable_center_ratio: 0.16923076923076924
  hybrid_admissible_direct_center_ratio: 0.49230769230769234
  hybrid_gray_zone_center_ratio: 0.3230769230769231
  hybrid_rejected_direct_center_ratio: 0.5076923076923077
  hybrid_strict_reliable_sample_ratio: 0.00432050274941084
  hybrid_admissible_direct_sample_ratio: 0.012568735271013355
  hybrid_gray_zone_sample_ratio: 0.008248232521602514
  hybrid_rejected_direct_sample_ratio: 0.012961508248232521
  raw_tv_W_pass: False
  raw_tv_CC_direct: 0.4395974030574471
  raw_tv_best_lag_ms: -1.0000000000000009
  raw_tv_peak_abs_p90: 24.00000000000002
  raw_tv_acceptance_reasons: ['center_peak_p90_shift_too_large', 'center_peak_violation_ratio_too_large']
  hybrid_tv_W_pass: True
  hybrid_tv_acceptance_reasons: []
  hybrid_tv_CC_direct: 0.22159872415945556
  hybrid_tv_env_cc: -0.028566641391155435
  hybrid_tv_best_lag_ms: 0.0
  hybrid_tv_peak_p10_ms: -1.0000000000000009
  hybrid_tv_peak_median_ms: 0.0
  hybrid_tv_peak_p90_ms: 0.0
  hybrid_tv_peak_abs_p90_ms: 1.0000000000000009
  hybrid_tv_peak_violation_ratio: 0.0
  hybrid_short_gap_limit_ms: 60.0
  hybrid_direct_reliable_ratio: 0.00432050274941084
  hybrid_short_gap_ratio: 0.2317360565593087
  hybrid_hard_prior_ratio: 0.755695208169678
  hybrid_blend_ratio: 0.07109190887666929
  hybrid_tv_support_ratio: 0.24430479183032208
  hybrid_candidate_scope: local_repair_before_global_acceptance
  residual_median_p90: 0.04295928814273404
  residual_median_med: -0.0016385695298085506
  tv_loss_type: student_t
  tv_student_nu: 10.0
  tv_robust_fallback: l2
  tv_irls_max_iter: 12
  tv_irls_tol: 0.0003
  edge_penalty_enabled: True
  mu_edge_configured: 1.0
  mu_edge_effective: 1.0
  edge_penalty_fraction: 0.12
  edge_penalty_taper: cosine
  student_objective_includes_edge: True
  stationary_candidate_accepted: False
  stationary_candidate_peak_ms: nan
  stationary_rejection_code: not_attempted_constant_phase_policy
  stationary_rejection_reason: after-DTW prior 使用 statistical constant-phase policy，未运行 free-form stationary LS candidate。
  stationary_prior_source: statistical_constant_phase_prior_after_DTW
  prior_source: statistical_constant_phase_prior_after_DTW
  CC_selected_prior_after_DTW: 0.1571262285067304
  stationary_prior_method_configured: constant_phase
  constant_phase_candidate_accepted: True
  constant_phase_deg: -3.0
  constant_phase_spectral_peak_hz: 27.999999999999975
  constant_phase_band_low_hz: 4.999999999999996
  constant_phase_band_high_hz: 61.99999999999994
  constant_phase_candidate_cc: 0.1571262285067304
  constant_phase_ricker_cc: 0.15540264622905386
  constant_phase_rejection_reason: 
  CC_stationary_raw: nan
  CC_stationary_raw_env: nan
  CC_stationary_raw_scope: unlocked_candidate_before_ricker_fallback
  CC_prior_after_DTW_scope: selected_prior_after_DTW
  candidate_valid_ratio: 0.6018518518518519
  candidate_best_lag_ms: -1.0000000000000009
  candidate_peak_metric_p10: -14.000000000000012
  candidate_peak_metric_med: -3.0000000000000027
  candidate_peak_metric_p90: 24.00000000000002
  candidate_peak_abs_p90: 24.00000000000002
  local_fallback_enabled: True
  local_fallback_ratio: 0.7650911143145999
  local_fallback_hard_ratio: 0.755695208169678
  local_fallback_effective_ratio: 0.7650911143145999
  fallback_by_shape_ratio: 0.5781618224666143
  candidate_shape_fallback_request_ratio: 0.5781618224666143
  candidate_shape_fallback_raw_ratio: 0.5781618224666143
  candidate_reliable_ratio: 0.00432050274941084
  candidate_reliable_scope: direct_inversion_and_peak_energy_shape_qc
  final_reliable_ratio: 0.8621366849960723
  final_reliable_scope: shape_peak_energy_only; does_not_mean_direct_inversion
  side_lobe_p90: 1.2014298551022473
  edge_energy_p90: 0.25913111283027984
  candidate_side_lobe_p50: 0.9578701801691363
  candidate_side_lobe_p90: 1.2014298551022473
  candidate_side_lobe_max: 1.4167070763270964
  candidate_edge_energy_p50: 0.15183900062735864
  candidate_edge_energy_p90: 0.25913111283027984
  candidate_edge_energy_max: 0.25913111283027984
  final_side_lobe_p50: 0.4379574936754552
  final_side_lobe_p90: 0.811050534270547
  final_side_lobe_max: 0.9273147298532491
  final_edge_energy_p50: 0.00041701885192026
  final_edge_energy_p90: 0.10111696273900575
  final_edge_energy_max: 0.14418225527885226
  candidate_boundary_peak_fraction: 0.0
  final_boundary_peak_fraction: 0.0
  boundary_peak_fraction_parameter: 0.12
  candidate_peak_violation_ratio: 0.1429693637077769
  candidate_center_step_ms: 20.000000000000018
  longest_candidate_invalid_gap_ms: 399.9999999999999
  longest_candidate_unreliable_gap_ms: 1580.0
  candidate_temporal_difference_energy: 0.00014883501799439354
  final_temporal_difference_energy: 0.010430697455335704
  irls_iterations_median: 3.0
  irls_iterations_max: 5
  candidate_origin_scope: pre_gaussian_fill_lineage
  candidate_origin_codes: {'direct_inverted_center': 0, 'linear_interpolated': 1, 'endpoint_extrapolated': 2, 'prior_fill_when_no_valid_center': 3, 'unavailable': 5}
  final_wavelet_source_scope: final_model_and_local_fallback_mix
  final_wavelet_source_codes: {'tv_candidate': 0, 'q_constrained_candidate': 1, 'stationary_prior': 2, 'local_fallback_prior': 3, 'local_fallback_blend': 4}
  local_fallback_peak_limit_ms: 15.0
  local_fallback_energy_min: 0.15
  local_fallback_pad_ms: 0.0
  local_fallback_alpha_smooth_samples: 15.0
  local_fallback_use_shape_qc: True
  local_fallback_side_lobe_limit_reliable: 0.75
  local_fallback_side_lobe_limit_fallback: 0.95
  local_fallback_side_lobe_guard_ms: 12.0
  local_fallback_edge_energy_limit_reliable: 0.15
  local_fallback_edge_energy_limit_fallback: 0.3
  local_fallback_edge_fraction: 0.15
  CC_final_direct: 0.22159872415945556
  CC_final_similarity: 0.13404084621611814
  CC_final_maxlag: 0.2215987241583218
  CC_final_env: -0.028566641391155435
  CC_final_best_lag_ms: 0.0
  CC_final_lag_penalty: 0.0
  CC_final_before_local_fallback_direct: 0.4395974030574471
  CC_final_before_local_fallback_similarity: 0.29529774671912157
  CC_final_before_local_fallback_maxlag: 0.44569338560767585
  CC_final_before_local_fallback_env: 0.053447555226153076
  CC_final_before_local_fallback_best_lag_ms: -1.0000000000000009
  CC_final_similarity_delta_local_fallback: -0.16125690050300343
  CC_final_direct_delta_local_fallback: -0.21799867889799154
  final_peak_metric_p10_before_local_fallback: -14.000000000000012
  final_peak_metric_med_before_local_fallback: -3.0000000000000027
  final_peak_metric_p90_before_local_fallback: 24.00000000000002
  final_peak_abs_p90_before_local_fallback: 24.00000000000002
  final_peak_metric_p10_after_local_fallback: -1.0000000000000009
  final_peak_metric_med_after_local_fallback: 0.0
  final_peak_metric_p90_after_local_fallback: 0.0
  final_peak_abs_p90_after_local_fallback: 1.0000000000000009
  final_wavelet_energy_l2_median_before_local_fallback: 6.083207634807961
  final_wavelet_energy_l2_median_after_local_fallback: 3.3143580857549155
  final_centroid_frequency_hz_median_before_local_fallback: 30.96796750940603
  final_centroid_frequency_hz_median_after_local_fallback: 28.282293174587643
  W_pass_scope: preacceptance_hybrid_candidate
  CC_tv_direct_scope: preacceptance_hybrid_candidate
  valid_ratio_scope: raw_tv_direct_inversion_centers
  acceptance_reasons_scope: preacceptance_hybrid_candidate
  peak_metric_scope: preacceptance_hybrid_candidate
  best_lag_scope: preacceptance_hybrid_candidate
  hybrid_acceptance_evaluated: True
  hybrid_acceptance_passed: True
  hybrid_acceptance_reasons: []
  hybrid_acceptance_scope: decisive_preacceptance_hybrid_gate
  post_local_fallback_acceptance_evaluated: True
  post_local_fallback_acceptance_passed: True
  post_local_fallback_acceptance_reasons: []
  post_local_fallback_acceptance_scope: legacy_alias_of_decisive_preacceptance_hybrid_gate
  CC_final_ricker_similarity: 0.0017388165135371267
  CC_final_ricker_maxlag: 0.09949674980679894
  CC_final_ricker_env: -0.03153547044942684
  CC_final_ricker_scope: 35hz_initial_reflectivity
  ricker_qc_frequency_hz: 35.0
  ricker_qc_wavelet_length_pts: 129
  CC_ricker_35hz_initial_reflectivity_direct: 0.08053018777090891
  CC_ricker_35hz_initial_reflectivity_similarity: 0.0017388165135371267
  CC_ricker_35hz_initial_reflectivity_maxlag: 0.09949674980679894
  CC_ricker_35hz_initial_reflectivity_env: -0.03153547044942684
  CC_ricker_35hz_initial_reflectivity_best_lag_ms: -4.0000000000000036
  CC_ricker_35hz_after_dtw_reflectivity_direct: 0.1348382639136047
  CC_ricker_35hz_after_dtw_reflectivity_similarity: 0.06629075846590803
  CC_ricker_35hz_after_dtw_reflectivity_maxlag: 0.13483826391115256
  CC_ricker_35hz_after_dtw_reflectivity_env: -0.06101175164738958
  CC_ricker_35hz_after_dtw_reflectivity_best_lag_ms: 0.0
[Matrix] summary: _experiment_results\ablation\round1_summary.csv
